long,lat,trimestre,titulo,razon_social,tipo_produccion,fecha,calle,altura,barrio,comuna,codigo_postal,codigo_postal_argentino
-58.450608,-34.583259,3 TRIMESTRE 2019,Cadaver Exquisito,Nicolás Münzel Camaño,Largometraje con I.N.C.A.A.,2019-07-01,CHARLONE,428,Chacarita,Comuna 15,1427,C1427BXJ
-58.389331,-34.594660,3 TRIMESTRE 2019,UNA HABITACION SIMPLE,Fundación del Cine,Estudiantes,2019-07-01,ARENALES,1501,Recoleta,Comuna 2,1061,C1061AAQ
-58.428856,-34.645080,3 TRIMESTRE 2019,Entre Hombres,Pol-ka Producciones S.A.,Programa Televisivo,2019-07-01,RIESTRA AV.,1400,Nueva Pompeya,Comuna 4,1437,C1437HIP
-58.526679,-34.625486,3 TRIMESTRE 2019,Entre Hombres,Pol-ka Producciones S.A.,Programa Televisivo,2019-07-01,NOGOYA,6100,Versalles,Comuna 10,1408,C1408BBP
-58.411583,-34.557400,3 TRIMESTRE 2019,UNA HABITACION SIMPLE,Fundación del Cine,Estudiantes,2019-07-01,"OBLIGADO RAFAEL, AV.COSTANERA",4250,Palermo,Comuna 14,,
-58.449157,-34.564330,3 TRIMESTRE 2019,Danette,Huinca Cine S.A.,Cine Publicitario,2019-07-02,O'HIGGINS,1630,Belgrano,Comuna 13,1426,C1426BHH
-58.465596,-34.579555,3 TRIMESTRE 2019,Danette,Huinca Cine S.A.,Cine Publicitario,2019-07-02,GIRIBONE,1664,Villa Ortuzar,Comuna 15,1427,C1427CAZ
-58.450228,-34.563957,3 TRIMESTRE 2019,Danette,Huinca Cine S.A.,Cine Publicitario,2019-07-02,"HERNANDEZ, JOSE",2050,Belgrano,Comuna 13,1426,C1426EOJ
-58.395613,-34.583622,3 TRIMESTRE 2019,HACE MUCHO QUE NO DUERMO,Fundación del Cine,Estudiantes,2019-07-02,DEL LIBERTADOR AV.,1550,Recoleta,Comuna 2,1425,C1425AAO
-58.467884,-34.542111,3 TRIMESTRE 2019,Danette,Huinca Cine S.A.,Cine Publicitario,2019-07-02,O'HIGGINS,4258,Nu\u00f1ez,Comuna 13,1429,C1429BCD
-58.526679,-34.625486,3 TRIMESTRE 2019,Entre Hombres,Pol-ka Producciones S.A.,Programa Televisivo,2019-07-03,NOGOYA,6100,Versalles,Comuna 10,1408,C1408BBP
-58.526679,-34.625486,3 TRIMESTRE 2019,Entre Hombres,Pol-ka Producciones S.A.,Programa Televisivo,2019-07-05,NOGOYA,6100,Versalles,Comuna 10,1408,C1408BBP
-58.461693,-34.557090,3 TRIMESTRE 2019,FUZE TEA,Landia S.R.L.,Cine Publicitario,2019-07-05,"RIVERA, PEDRO I., DR.",2445,Belgrano,Comuna 13,1428,C1428BQA
-58.428465,-34.551293,3 TRIMESTRE 2019,SUBJETIVA,Proteína Pura S.A.,Cine Publicitario,2019-07-05,"OBLIGADO RAFAEL, AV.COSTANERA",6100,Belgrano,Comuna 14,1428,C1426ABX
-58.360121,-34.616533,3 TRIMESTRE 2019,FUZE TEA,Landia S.R.L.,Cine Publicitario,2019-07-05,LANTERI JULIETA,1640,Puerto Madero,Comuna 1,1107,
-58.439023,-34.580435,3 TRIMESTRE 2019,FUZE TEA,Landia S.R.L.,Cine Publicitario,2019-07-05,EL SALVADOR,5960,Palermo,Comuna 14,1414,C1414BQL
-58.369388,-34.604290,3 TRIMESTRE 2019,SUBJETIVA,Proteína Pura S.A.,Cine Publicitario,2019-07-05,SARMIENTO,150,San Nicolas,Comuna 1,1041,C1041AAD
-58.391478,-34.583771,3 TRIMESTRE 2019,FUZE TEA,Landia S.R.L.,Cine Publicitario,2019-07-05,"FIGUEROA ALCORTA, PRES. AV.",2180,Recoleta,Comuna 2,1425,C1425CKN
-58.366536,-34.608146,3 TRIMESTRE 2019,SUBJETIVA,Proteína Pura S.A.,Cine Publicitario,2019-07-05,"MOREAU DE JUSTO, ALICIA AV.",850,Puerto Madero,Comuna 1,1107,C1107AAR
-58.410709,-34.558049,3 TRIMESTRE 2019,SUBJETIVA,Proteína Pura S.A.,Cine Publicitario,2019-07-05,"OBLIGADO RAFAEL, AV.COSTANERA",3950,Palermo,Comuna 14,1428,
-58.456435,-34.560644,3 TRIMESTRE 2019,FUZE TEA,Landia S.R.L.,Cine Publicitario,2019-07-05,VUELTA DE OBLIGADO,2190,Belgrano,Comuna 13,1428,C1428ADH
-58.388642,-34.604241,3 TRIMESTRE 2019,SUBJETIVA,Proteína Pura S.A.,Cine Publicitario,2019-07-05,CORRIENTES AV.,1540,San Nicolas,Comuna 1,1042,C1042AAO
-58.378630,-34.639622,3 TRIMESTRE 2019,L.O.T.B.A,LADOBLEA S.A.,Cine Publicitario,2019-07-06,"SALMUN FEIJOO, JOSE AARON",600,Barracas,Comuna 4,1274,C1274AGF
-58.437235,-34.579937,3 TRIMESTRE 2019,FUZE TEA,Landia S.R.L.,Cine Publicitario,2019-07-06,"RAVIGNANI, EMILIO, DR.",1945,Palermo,Comuna 14,1414,C1414CPS
-58.401973,-34.623668,3 TRIMESTRE 2019,FUZE TEA,Landia S.R.L.,Cine Publicitario,2019-07-06,SAN JUAN AV.,2685,San Cristobal,Comuna 3,1232,C1232AAI
-58.370759,-34.638106,3 TRIMESTRE 2019,L.O.T.B.A,LADOBLEA S.A.,Cine Publicitario,2019-07-06,SUAREZ,1301,Barracas,Comuna 4,1288,C1288AEC
-58.376565,-34.594411,3 TRIMESTRE 2019,L.O.T.B.A,LADOBLEA S.A.,Cine Publicitario,2019-07-06,CRUCERO GRAL. BELGRANO,1217,Retiro,Comuna 1,1006,C1006ABA
-58.367872,-34.618251,3 TRIMESTRE 2019,FUZE TEA,Landia S.R.L.,Cine Publicitario,2019-07-06,ESTADOS UNIDOS,145,San Telmo,Comuna 1,1101,C1101AAC
-58.371406,-34.597320,3 TRIMESTRE 2019,L.O.T.B.A,LADOBLEA S.A.,Cine Publicitario,2019-07-06,"ALEM, LEANDRO N. AV.",895,Retiro,Comuna 1,1001,C1001AAD
-58.368037,-34.605274,3 TRIMESTRE 2019,SIMULADOR GCBA,Javier Santiago Guillermo Elliot,Cine Publicitario,2019-07-06,"MADERO, EDUARDO AV.",200,San Nicolas,Comuna 1,1106,C1106ACO
-58.454323,-34.612460,3 TRIMESTRE 2019,Entre Hombres,Pol-ka Producciones S.A.,Programa Televisivo,2019-07-07,FRAGATA PRES. SARMIENTO,1023,Caballito,Comuna 6,1405,C1405APM
-58.449748,-34.558941,3 TRIMESTRE 2019,SIMULADOR GCBA,Javier Santiago Guillermo Elliot,Cine Publicitario,2019-07-07,VERTIZ VIRREY AV.,2030,Belgrano,Comuna 13,1428,C1428AMF
,,3 TRIMESTRE 2019,SIMULADOR GCBA,Javier Santiago Guillermo Elliot,Cine Publicitario,2019-07-07,"JUSTO, JUAN B. AV.",1900,Palermo,Comuna 14,1414,C1414CWU
-58.456273,-34.552516,3 TRIMESTRE 2019,Entre Hombres,Pol-ka Producciones S.A.,Programa Televisivo,2019-07-07,11 DE SEPTIEMBRE DE 1888,2781,Belgrano,Comuna 13,1428,C1428AJI
-58.473406,-34.583776,3 TRIMESTRE 2019,Entre Hombres,Pol-ka Producciones S.A.,Programa Televisivo,2019-07-07,LLERENA,2437,Parque Chas,Comuna 15,1427,C1427DEA
-58.371873,-34.603023,3 TRIMESTRE 2019,FUZE TEA,Landia S.R.L.,Cine Publicitario,2019-07-07,CORRIENTES AV.,345,San Nicolas,Comuna 1,1043,C1043AAD
-58.377610,-34.605838,3 TRIMESTRE 2019,FUZE TEA,Landia S.R.L.,Cine Publicitario,2019-07-07,"SAENZ PEÑA, ROQUE, PRES. DIAGONAL NORTE AV.",785,San Nicolas,Comuna 1,1035,C1035AAC
-58.373193,-34.592965,3 TRIMESTRE 2019,FUZE TEA,Landia S.R.L.,Cine Publicitario,2019-07-08,SAN MARTIN,1275,Retiro,Comuna 1,1104,C1104AKC
-58.369673,-34.604812,3 TRIMESTRE 2019,SIMULADOR GCBA,Javier Santiago Guillermo Elliot,Cine Publicitario,2019-07-08,"ALEM, LEANDRO N. AV.",233,San Nicolas,Comuna 1,1003,C1003AAC
-58.370059,-34.588123,3 TRIMESTRE 2019,SIMULADOR GCBA,Javier Santiago Guillermo Elliot,Cine Publicitario,2019-07-09,COMBATE DE COSTA BRAVA,100,Retiro,Comuna 1,1104,C1104AQB
-58.449891,-34.560294,3 TRIMESTRE 2019,LA VIDA REAL II,Fundación del Cine,Estudiantes,2019-07-09,11 DE SEPTIEMBRE DE 1888,1920,Belgrano,Comuna 13,1428,C1428AID
-58.453941,-34.603353,3 TRIMESTRE 2019,WELLINGTON,TKY S.R.L.,Cine Publicitario,2019-07-09,"REPETTO, NICOLAS, DR.",1760,Villa Crespo,Comuna 15,1416,C1416CLN
-58.448799,-34.606454,3 TRIMESTRE 2019,WELLINGTON,TKY S.R.L.,Cine Publicitario,2019-07-09,"FIGUEROA, D. APOLINARIO, CORONEL",661,Villa Crespo,Comuna 15,1416,C1416DPC
-58.388642,-34.604241,3 TRIMESTRE 2019,FUZE TEA,Landia S.R.L.,Cine Publicitario,2019-07-09,CORRIENTES AV.,1530,San Nicolas,Comuna 1,1042,C1042AAO
-58.437908,-34.578152,3 TRIMESTRE 2019,FUZE TEA,Landia S.R.L.,Cine Publicitario,2019-07-09,NICARAGUA,6055,Palermo,Comuna 14,1414,C1414BWM
-58.375112,-34.595775,3 TRIMESTRE 2019,FUZE TEA,Landia S.R.L.,Cine Publicitario,2019-07-09,FLORIDA,1005,Retiro,Comuna 1,1005,C1005AAU
-58.359827,-34.617323,3 TRIMESTRE 2019,BIA,Pegsa Group S.A.,Programa Televisivo,2019-07-10,"VERA PEÑALOZA,  ROSARIO",602,Puerto Madero,Comuna 1,1107,C1107CGN
-58.427112,-34.559417,3 TRIMESTRE 2019,BIA,Pegsa Group S.A.,Programa Televisivo,2019-07-11,"FIGUEROA ALCORTA, PRES. AV.",5690,Palermo,Comuna 14,1426,C1426CBT
-58.454323,-34.612460,3 TRIMESTRE 2019,Entre Hombres,Pol-ka Producciones S.A.,Programa Televisivo,2019-07-11,FRAGATA PRES. SARMIENTO,1023,Caballito,Comuna 6,1405,C1405APM
-58.382903,-34.612028,3 TRIMESTRE 2019,La estrella roja,Gabriel Matias Lichtmann,Largometraje Nacional,2019-07-11,MORENO,1170,Monserrat,Comuna 1,1091,C1091AAX
-58.438071,-34.579199,3 TRIMESTRE 2019,MAGISTRAL POMO,LADOBLEA S.A.,Cine Publicitario,2019-07-11,VOLTAIRE,5986,Palermo,Comuna 14,1414,C1414BUD
-58.473406,-34.583776,3 TRIMESTRE 2019,Entre Hombres,Pol-ka Producciones S.A.,Programa Televisivo,2019-07-11,LLERENA,2437,Parque Chas,Comuna 15,1427,C1427DEA
-58.456273,-34.552516,3 TRIMESTRE 2019,Entre Hombres,Pol-ka Producciones S.A.,Programa Televisivo,2019-07-11,11 DE SEPTIEMBRE DE 1888,2781,Belgrano,Comuna 13,1428,C1428AJI
-58.467140,-34.566732,3 TRIMESTRE 2019,MAGISTRAL POMO,LADOBLEA S.A.,Cine Publicitario,2019-07-11,MENDOZA,3375,Belgrano,Comuna 13,1430,C1430BRA
-58.454581,-34.595008,3 TRIMESTRE 2019,MAGISTRAL POMO,LADOBLEA S.A.,Cine Publicitario,2019-07-11,"ARENAL, CONCEPCION",4625,Chacarita,Comuna 15,1427,C1427EKY
-58.402038,-34.611060,3 TRIMESTRE 2019,El Prófugo,Rei Cine S.R.L.,Largometraje Nacional,2019-07-12,"YRIGOYEN, HIPOLITO",2520,Balvanera,Comuna 3,1090,C1090ABB
-58.439234,-34.551713,3 TRIMESTRE 2019,SUBJETIVA,Proteína Pura S.A.,Cine Publicitario,2019-07-12,JURAMENTO,740,Belgrano,Comuna 13,1428,C1428DMD
-58.429677,-34.550536,3 TRIMESTRE 2019,TUENTI,Gazz S.R.L.,Cine Publicitario,2019-07-12,"OBLIGADO RAFAEL, AV.COSTANERA",6200,Belgrano,Comuna 13,,
-58.392128,-34.587872,3 TRIMESTRE 2019,SUBJETIVA,Proteína Pura S.A.,Cine Publicitario,2019-07-12,JUNIN,1855,Recoleta,Comuna 2,1113,C1113AAU
-58.357038,-34.627953,3 TRIMESTRE 2019,ADIDAS,Oruga Films S.A.,Cine Publicitario,2019-07-13,DON PEDRO DE MENDOZA AV.,501,Boca,Comuna 4,1156,C1156ACF
-58.371243,-34.612615,3 TRIMESTRE 2019,ADIDAS,Oruga Films S.A.,Cine Publicitario,2019-07-13,5 DE JULIO,401,Monserrat,Comuna 1,1064,C1064ABA
-58.362448,-34.612082,3 TRIMESTRE 2019,ADIDAS,Oruga Films S.A.,Cine Publicitario,2019-07-13,"VILLAFLOR, AZUCENA",401,Puerto Madero,Comuna 1,1107,
-58.469748,-34.585111,3 TRIMESTRE 2019,ESTO ES UNA PROPAGANDA,Jacaranda Films S.A.,Cine Publicitario,2019-07-13,CHORROARIN AV.,1002,Villa Ortuzar,Comuna 15,1427,C1427CXU
-58.382903,-34.612028,3 TRIMESTRE 2019,La estrella roja,Gabriel Matias Lichtmann,Largometraje Nacional,2019-07-13,MORENO,1170,Monserrat,Comuna 1,1091,C1091AAX
-58.372487,-34.606656,3 TRIMESTRE 2019,ADIDAS,Oruga Films S.A.,Cine Publicitario,2019-07-13,"MITRE, BARTOLOME",401,San Nicolas,Comuna 1,1036,C1036AAG
-58.387153,-34.591024,3 TRIMESTRE 2019,CLOVER 2,Landia S.R.L.,Cine Publicitario,2019-07-13,MONTEVIDEO,1683,Retiro,Comuna 1,1021,C1021AAA
-58.358807,-34.612615,3 TRIMESTRE 2019,ADIDAS,Oruga Films S.A.,Cine Publicitario,2019-07-14,LANTERI JULIETA,1201,Puerto Madero,Comuna 1,,
-58.391099,-34.583830,3 TRIMESTRE 2019,turismo,TKY S.R.L.,Cine Publicitario,2019-07-14,"FIGUEROA ALCORTA, PRES. AV.",2151,Recoleta,Comuna 2,1425,C1425CKA
-58.448036,-34.637806,3 TRIMESTRE 2019,Entre Hombres,Pol-ka Producciones S.A.,Programa Televisivo,2019-07-15,ASAMBLEA AV.,1652,Parque Chacabuco,Comuna 7,1406,C1406HVT
-58.500741,-34.600584,3 TRIMESTRE 2019,Entre Hombres,Pol-ka Producciones S.A.,Programa Televisivo,2019-07-15,"VARELA, JOSE PEDRO",3450,Villa Del Parque,Comuna 11,1417,C1417EXJ
-58.471396,-34.557968,3 TRIMESTRE 2019,UN DIA EN EL ESPACIO,Art Depot S.R.L.,Programa Televisivo,2019-07-15,"FREIRE, RAMON, CAP. GRAL.",3065,Coghlan,Comuna 12,1429,C1429ASC
-58.437908,-34.578152,3 TRIMESTRE 2019,CLOVER 2,Landia S.R.L.,Cine Publicitario,2019-07-15,NICARAGUA,6055,Palermo,Comuna 14,1414,C1414BWM
-58.475445,-34.681520,3 TRIMESTRE 2019,Entre Hombres,Pol-ka Producciones S.A.,Programa Televisivo,2019-07-15,HUDSON,4460,Villa Lugano,Comuna 8,1439,C1439GAH
-58.371555,-34.619627,3 TRIMESTRE 2019,CLOVER 2,Landia S.R.L.,Cine Publicitario,2019-07-15,DEFENSA,1009,San Telmo,Comuna 1,1065,C1065AAS
-58.359827,-34.617323,3 TRIMESTRE 2019,BIA,Pegsa Group S.A.,Programa Televisivo,2019-07-16,"VERA PEÑALOZA,  ROSARIO",602,Puerto Madero,Comuna 1,1107,C1107CGN
-58.456003,-34.610286,3 TRIMESTRE 2019,DOLL,Fundación del Cine,Estudiantes,2019-07-16,FRAGATA PRES. SARMIENTO,1244,Caballito,Comuna 6,1416,C1416CBD
-58.471396,-34.557968,3 TRIMESTRE 2019,UN DIA EN EL ESPACIO,Art Depot S.R.L.,Programa Televisivo,2019-07-16,"FREIRE, RAMON, CAP. GRAL.",3065,Coghlan,Comuna 12,1429,C1429ASC
-58.429677,-34.550536,3 TRIMESTRE 2019,TUENTI,Gazz S.R.L.,Cine Publicitario,2019-07-16,"OBLIGADO RAFAEL, AV.COSTANERA",6200,Belgrano,Comuna 13,,
-58.439367,-34.551730,3 TRIMESTRE 2019,Personal,Rebolución S.A.,Cine Publicitario,2019-07-16,JURAMENTO,751,Belgrano,Comuna 13,1428,C1428DMC
-58.390336,-34.618795,3 TRIMESTRE 2019,El cuento del tio,Mental Coop S.R.L.,Largometraje con I.N.C.A.A.,2019-07-16,SOLIS,881,Constitucion,Comuna 1,1078,C1078AAQ
-58.416477,-34.613030,3 TRIMESTRE 2019,Sarajevo,Escuela Nacional de Experimentación y Realización Cinematográfica,Estudiantes,2019-07-16,MAZA,177,Almagro,Comuna 5,1206,C1206ACC
-58.462545,-34.535743,3 TRIMESTRE 2019,BIA,Pegsa Group S.A.,Programa Televisivo,2019-07-17,"CALZADILLA, SANTIAGO",1301,Nu\u00f1ez,Comuna 13,1429,C1429ECA
-58.448036,-34.637806,3 TRIMESTRE 2019,Entre Hombres,Pol-ka Producciones S.A.,Programa Televisivo,2019-07-17,ASAMBLEA AV.,1652,Parque Chacabuco,Comuna 7,1406,C1406HVT
-58.500741,-34.600584,3 TRIMESTRE 2019,Entre Hombres,Pol-ka Producciones S.A.,Programa Televisivo,2019-07-17,"VARELA, JOSE PEDRO",3450,Villa Del Parque,Comuna 11,1417,C1417EXJ
-58.471396,-34.557968,3 TRIMESTRE 2019,UN DIA EN EL ESPACIO,Art Depot S.R.L.,Programa Televisivo,2019-07-17,"FREIRE, RAMON, CAP. GRAL.",3065,Coghlan,Comuna 12,1429,C1429ASC
-58.382505,-34.603331,3 TRIMESTRE 2019,SEGUIMOS EN 1994,Labhouse S.A.,Cine Publicitario,2019-07-17,"SAENZ PEÑA, ROQUE, PRES. DIAGONAL NORTE AV.",1120,San Nicolas,Comuna 1,1035,C1035AAT
-58.392275,-34.638229,3 TRIMESTRE 2019,Entre Hombres,Pol-ka Producciones S.A.,Programa Televisivo,2019-07-17,LOS PATOS,2189,Parque Patricios,Comuna 4,1283,C1283ABI
-58.367578,-34.616355,3 TRIMESTRE 2019,DOLL,Fundación del Cine,Estudiantes,2019-07-17,AZOPARDO,751,San Telmo,Comuna 1,1107,C1107ADK
-58.479367,-34.641694,3 TRIMESTRE 2019,Exploradores,Fzero S.R.L.,Programa Televisivo,2019-07-17,LACARRA AV.,800,Parque Avellaneda,Comuna 9,1407,C1407JQP
-58.474151,-34.573760,3 TRIMESTRE 2019,UN DIA EN EL ESPACIO,Art Depot S.R.L.,Programa Televisivo,2019-07-18,ECHEVERRIA,4300,Villa Urquiza,Comuna 12,1430,C1430BTT
-58.388026,-34.618861,3 TRIMESTRE 2019,El cuento del tio,Mental Coop S.R.L.,Largometraje con I.N.C.A.A.,2019-07-18,ESTADOS UNIDOS,1540,Constitucion,Comuna 1,1101,C1101ABF
-58.447923,-34.551102,3 TRIMESTRE 2019,SEGUROS HIPOTECARIO,LADOBLEA S.A.,Cine Publicitario,2019-07-18,MONROE,1201,Belgrano,Comuna 13,1428,C1428BKK
-58.439615,-34.632010,3 TRIMESTRE 2019,SEGUROS HIPOTECARIO,LADOBLEA S.A.,Cine Publicitario,2019-07-18,CACHIMAYO,1001,Parque Chacabuco,Comuna 7,1424,C1424ARG
-58.466664,-34.567897,3 TRIMESTRE 2019,SEGUROS HIPOTECARIO,LADOBLEA S.A.,Cine Publicitario,2019-07-18,JURAMENTO,3401,Belgrano,Comuna 13,1430,C1430BSC
-58.491820,-34.598189,3 TRIMESTRE 2019,SEGUROS HIPOTECARIO,LADOBLEA S.A.,Cine Publicitario,2019-07-18,TINOGASTA,2901,Villa Del Parque,Comuna 11,1417,C1417EHK
-58.469302,-34.573545,3 TRIMESTRE 2019,SEGUROS HIPOTECARIO,LADOBLEA S.A.,Cine Publicitario,2019-07-18,LA PAMPA,3901,Villa Urquiza,Comuna 12,1430,C1430BXM
-58.451229,-34.547407,3 TRIMESTRE 2019,SEGUROS HIPOTECARIO,LADOBLEA S.A.,Cine Publicitario,2019-07-18,"PLAZA, VICTORINO DE LA, DR.",1801,Belgrano,Comuna 13,1428,C1428CBS
-58.473406,-34.583776,3 TRIMESTRE 2019,Entre Hombres,Pol-ka Producciones S.A.,Programa Televisivo,2019-07-18,LLERENA,2437,Parque Chas,Comuna 15,1427,C1427DEA
-58.448036,-34.637806,3 TRIMESTRE 2019,Entre Hombres,Pol-ka Producciones S.A.,Programa Televisivo,2019-07-18,ASAMBLEA AV.,1652,Parque Chacabuco,Comuna 7,1406,C1406HVT
-58.390336,-34.618795,3 TRIMESTRE 2019,El cuento del tio,Mental Coop S.R.L.,Largometraje con I.N.C.A.A.,2019-07-18,SOLIS,881,Constitucion,Comuna 1,1078,C1078AAQ
-58.438022,-34.579157,3 TRIMESTRE 2019,Sarajevo,Escuela Nacional de Experimentación y Realización Cinematográfica,Estudiantes,2019-07-18,VOLTAIRE,5985,Palermo,Comuna 14,1414,C1414BUC
-58.437083,-34.579661,3 TRIMESTRE 2019,Sarajevo,Escuela Nacional de Experimentación y Realización Cinematográfica,Estudiantes,2019-07-18,"RAVIGNANI, EMILIO, DR.",1960,Palermo,Comuna 14,1414,C1414CPT
-58.449956,-34.548969,3 TRIMESTRE 2019,SEGUROS HIPOTECARIO,LADOBLEA S.A.,Cine Publicitario,2019-07-19,"QUINTEROS, LIDORO J. AV.",1102,Belgrano,Comuna 13,1428,C1428BXP
-58.460202,-34.570156,3 TRIMESTRE 2019,SEGUROS HIPOTECARIO,LADOBLEA S.A.,Cine Publicitario,2019-07-19,"PINO, VIRREY DEL",3101,Belgrano,Comuna 13,1426,C1426EHE
-58.467100,-34.570967,3 TRIMESTRE 2019,SEGUROS HIPOTECARIO,LADOBLEA S.A.,Cine Publicitario,2019-07-19,"SUCRE, ANTONIO JOSE DE, MCAL.",3601,Belgrano,Comuna 13,1430,C1430BWG
-58.463946,-34.568982,3 TRIMESTRE 2019,SEGUROS HIPOTECARIO,LADOBLEA S.A.,Cine Publicitario,2019-07-19,CONDE,1901,Belgrano,Comuna 13,1428,C1428DAC
-58.437340,-34.633398,3 TRIMESTRE 2019,SEGUROS HIPOTECARIO,LADOBLEA S.A.,Cine Publicitario,2019-07-19,DE LAS GARANTIAS,1202,Parque Chacabuco,Comuna 7,1424,C1424AVH
-58.390336,-34.618795,3 TRIMESTRE 2019,El cuento del tio,Mental Coop S.R.L.,Largometraje con I.N.C.A.A.,2019-07-19,SOLIS,881,Constitucion,Comuna 1,1078,C1078AAQ
-58.470459,-34.573502,3 TRIMESTRE 2019,SEGUROS HIPOTECARIO,LADOBLEA S.A.,Cine Publicitario,2019-07-19,PUENTE DEL INCA,4001,Villa Urquiza,Comuna 12,1430,C1430BZA
-58.471772,-34.617677,3 TRIMESTRE 2019,Eco Friendly,Fight Films S.A.,Cine Publicitario,2019-07-20,"VIALE, LUIS",2643,Villa Gral. Mitre,Comuna 11,1416,C1416DNQ
-58.432249,-34.585916,3 TRIMESTRE 2019,Eco Friendly,Fight Films S.A.,Cine Publicitario,2019-07-20,EL SALVADOR,5218,Palermo,Comuna 14,1414,C1414BPV
-58.467578,-34.544290,3 TRIMESTRE 2019,La Serenisima 2%,Hypnosis S.R.L.,Cine Publicitario,2019-07-20,ARCOS,4034,Nu\u00f1ez,Comuna 13,1429,C1429AZZ
-58.362067,-34.610254,3 TRIMESTRE 2019,RANGER,Landia S.R.L.,Cine Publicitario,2019-07-20,"PAINE, AIME",1085,Puerto Madero,Comuna 1,,
-58.360611,-34.615123,3 TRIMESTRE 2019,RANGER,Landia S.R.L.,Cine Publicitario,2019-07-20,LANTERI JULIETA,1525,Puerto Madero,Comuna 1,,
-58.465596,-34.579555,3 TRIMESTRE 2019,YPF Proposito,Landia S.R.L.,Cine Publicitario,2019-07-21,GIRIBONE,1664,Villa Ortuzar,Comuna 15,1427,C1427CAZ
-58.382970,-34.611975,3 TRIMESTRE 2019,Sarajevo,Escuela Nacional de Experimentación y Realización Cinematográfica,Estudiantes,2019-07-21,MORENO,1169,Monserrat,Comuna 1,1091,C1091AAW
-58.376565,-34.594411,3 TRIMESTRE 2019,RANGER,Landia S.R.L.,Cine Publicitario,2019-07-21,CRUCERO GRAL. BELGRANO,1217,Retiro,Comuna 1,1006,C1006ABA
-58.373786,-34.596238,3 TRIMESTRE 2019,RANGER,Landia S.R.L.,Cine Publicitario,2019-07-21,"ALVEAR, MARCELO T. DE",450,Retiro,Comuna 1,1058,C1058AAD
-58.363721,-34.598358,3 TRIMESTRE 2019,RANGER,Landia S.R.L.,Cine Publicitario,2019-07-21,DE LOS ITALIANOS AV.,71,Puerto Madero,Comuna 1,,
-58.426774,-34.589028,3 TRIMESTRE 2019,Entre Hombres,Pol-ka Producciones S.A.,Programa Televisivo,2019-07-22,ARMENIA,1740,Palermo,Comuna 14,1414,C1414DKL
-58.518205,-34.597495,3 TRIMESTRE 2019,Tu parte del Trato,Pol-ka Producciones S.A.,Programa Televisivo,2019-07-22,"MISTRAL, GABRIELA",4248,Villa Devoto,Comuna 11,1419,C1419GHB
-58.467578,-34.544290,3 TRIMESTRE 2019,EL ELOGIO PERDIDO,Cine Publicitario S.R.L.,Cine Publicitario,2019-07-22,ARCOS,4034,Nu\u00f1ez,Comuna 13,1429,C1429AZZ
-58.438303,-34.598457,3 TRIMESTRE 2019,Santa,Nastassja Bischitz,Largometraje con I.N.C.A.A.,2019-07-22,VERA,574,Villa Crespo,Comuna 15,1414,C1414AOL
-58.362143,-34.605164,3 TRIMESTRE 2019,YPF Proposito,Landia S.R.L.,Cine Publicitario,2019-07-22,"GUEMES, MACACHA",515,Puerto Madero,Comuna 1,1106,C1106BKK
-58.358986,-34.617244,3 TRIMESTRE 2019,YPF Proposito,Landia S.R.L.,Cine Publicitario,2019-07-22,"VERA PEÑALOZA,  ROSARIO",650,Puerto Madero,Comuna 1,1107,C1107CGN
-58.387402,-34.591235,3 TRIMESTRE 2019,Yo Puedo Explicartelo,Escuela Nacional de Experimentación y Realización Cinematográfica,Cortometraje,2019-07-22,MONTEVIDEO,1647,Retiro,Comuna 1,1021,C1021AAA
-58.388734,-34.593976,3 TRIMESTRE 2019,Karakol,El Borde S.R.L.,Largometraje con I.N.C.A.A.,2019-07-22,PARANA,1250,Recoleta,Comuna 2,1018,C1018ADF
-58.446233,-34.592850,3 TRIMESTRE 2019,Santa,Nastassja Bischitz,Largometraje con I.N.C.A.A.,2019-07-22,CORRIENTES AV.,6067,Villa Crespo,Comuna 15,1414,C1414AKA
-58.360381,-34.615779,3 TRIMESTRE 2019,BIA,Pegsa Group S.A.,Programa Televisivo,2019-07-23,LANTERI JULIETA,1580,Puerto Madero,Comuna 1,1107,C1107CRG
-58.473406,-34.583776,3 TRIMESTRE 2019,Entre Hombres,Pol-ka Producciones S.A.,Programa Televisivo,2019-07-23,LLERENA,2437,Parque Chas,Comuna 15,1427,C1427DEA
-58.438400,-34.579261,3 TRIMESTRE 2019,Tio Nacho,Fight Films S.A.,Cine Publicitario,2019-07-23,AREVALO,1933,Palermo,Comuna 14,1414,C1414CQM
-58.377693,-34.610007,3 TRIMESTRE 2019,Entre Hombres,Pol-ka Producciones S.A.,Programa Televisivo,2019-07-23,PIEDRAS,150,Monserrat,Comuna 1,1070,C1070AAD
-58.390336,-34.618795,3 TRIMESTRE 2019,El cuento del tio,Mental Coop S.R.L.,Largometraje con I.N.C.A.A.,2019-07-23,SOLIS,881,Constitucion,Comuna 1,1078,C1078AAQ
-58.462545,-34.535743,3 TRIMESTRE 2019,BIA,Pegsa Group S.A.,Programa Televisivo,2019-07-24,"CALZADILLA, SANTIAGO",1301,Nu\u00f1ez,Comuna 13,1429,C1429ECA
-58.488528,-34.552263,3 TRIMESTRE 2019,Santa,Nastassja Bischitz,Largometraje con I.N.C.A.A.,2019-07-24,"PALME, OLOF",4256,Saavedra,Comuna 12,,
-58.408137,-34.616921,3 TRIMESTRE 2019,Santa,Nastassja Bischitz,Largometraje con I.N.C.A.A.,2019-07-24,LA RIOJA,544,Balvanera,Comuna 3,1221,C1221ACB
-58.391375,-34.584583,3 TRIMESTRE 2019,El Cruce,HC Films S.R.L,Cine Publicitario,2019-07-24,PUEYRREDON AV.,2631,Recoleta,Comuna 2,1119,C1119ACJ
-58.390910,-34.583916,3 TRIMESTRE 2019,BLAQUE,Jorge Osvaldo Leon,Fotografia,2019-07-24,"FIGUEROA ALCORTA, PRES. AV.",2101,Recoleta,Comuna 2,1425,C1425CKA
-58.518205,-34.597495,3 TRIMESTRE 2019,Tu parte del Trato,Pol-ka Producciones S.A.,Programa Televisivo,2019-07-24,"MISTRAL, GABRIELA",4248,Villa Devoto,Comuna 11,1419,C1419GHB
-58.377701,-34.595214,3 TRIMESTRE 2019,SICA,48M2 S.A.,Cine Publicitario,2019-07-24,SANTA FE AV.,774,Retiro,Comuna 1,1059,C1059ABO
-58.389432,-34.591217,3 TRIMESTRE 2019,SICA,48M2 S.A.,Cine Publicitario,2019-07-24,RODRIGUEZ PEÑA,1662,Recoleta,Comuna 2,1021,C1021ABJ
-58.473406,-34.583776,3 TRIMESTRE 2019,Entre Hombres,Pol-ka Producciones S.A.,Programa Televisivo,2019-07-25,LLERENA,2437,Parque Chas,Comuna 15,1427,C1427DEA
-58.360685,-34.616045,3 TRIMESTRE 2019,RANGER,Landia S.R.L.,Cine Publicitario,2019-07-25,"EZCURRA, ENCARNACION",550,Puerto Madero,Comuna 1,1107,C1107BUA
-58.376055,-34.593143,3 TRIMESTRE 2019,RANGER,Landia S.R.L.,Cine Publicitario,2019-07-25,MAIPU AV.,1280,Retiro,Comuna 1,1006,C1006ACT
-58.397084,-34.625683,3 TRIMESTRE 2019,Entre Hombres,Pol-ka Producciones S.A.,Programa Televisivo,2019-07-25,CONSTITUCION,2299,San Cristobal,Comuna 3,1254,C1254AAI
-58.390336,-34.618795,3 TRIMESTRE 2019,El cuento del tio,Mental Coop S.R.L.,Largometraje con I.N.C.A.A.,2019-07-25,SOLIS,881,Constitucion,Comuna 1,1078,C1078AAQ
-58.466913,-34.637090,3 TRIMESTRE 2019,Santa,Nastassja Bischitz,Largometraje con I.N.C.A.A.,2019-07-25,SAN PEDRITO AV.,533,Flores,Comuna 7,1406,C1406EXF
-58.376884,-34.597439,3 TRIMESTRE 2019,RANGER,Landia S.R.L.,Cine Publicitario,2019-07-25,MAIPU,907,Retiro,Comuna 1,1006,C1006ACM
-58.362039,-34.610039,3 TRIMESTRE 2019,RANGER,Landia S.R.L.,Cine Publicitario,2019-07-25,"PAINE, AIME",1040,Puerto Madero,Comuna 1,,
-58.526984,-34.631634,3 TRIMESTRE 2019,Tu parte del Trato,Pol-ka Producciones S.A.,Programa Televisivo,2019-07-26,FRAGUEIRO,633,Versalles,Comuna 10,1408,C1408BWG
-58.397646,-34.613100,3 TRIMESTRE 2019,Santa,Nastassja Bischitz,Largometraje con I.N.C.A.A.,2019-07-26,MORENO,2206,Balvanera,Comuna 3,1094,C1094ABJ
-58.471386,-34.545003,3 TRIMESTRE 2019,BS AS ELIGE,Labhouse S.A.,Cine Publicitario,2019-07-26,CABILDO AV.,4250,Saavedra,Comuna 12,1429,C1429ABN
-58.522022,-34.637942,3 TRIMESTRE 2019,Tu parte del Trato,Pol-ka Producciones S.A.,Programa Televisivo,2019-07-26,"VIEDMA, FRANCISCO DE",6553,Liniers,Comuna 9,1408,C1408AEA
-58.468212,-34.548688,3 TRIMESTRE 2019,BS AS ELIGE,Labhouse S.A.,Cine Publicitario,2019-07-26,CABILDO AV.,3725,Nu\u00f1ez,Comuna 13,1429,C1429AAI
-58.416991,-34.573999,3 TRIMESTRE 2019,BS AS ELIGE,Labhouse S.A.,Cine Publicitario,2019-07-26,DEL LIBERTADOR AV.,3450,Palermo,Comuna 14,1425,C1425ABU
-58.477676,-34.643082,3 TRIMESTRE 2019,BS AS ELIGE,Labhouse S.A.,Cine Publicitario,2019-07-26,LACARRA AV.,955,Parque Avellaneda,Comuna 9,1407,C1407JQS
-58.387503,-34.591321,3 TRIMESTRE 2019,Yo Puedo Explicartelo,Escuela Nacional de Experimentación y Realización Cinematográfica,Cortometraje,2019-07-27,MONTEVIDEO,1639,Retiro,Comuna 1,1021,C1021AAA
-58.356388,-34.629144,3 TRIMESTRE 2019,BAPRO CUENTA DNI,LADOBLEA S.A.,Cine Publicitario,2019-07-27,"CAFFARENA, AGUSTIN R.",10,Boca,Comuna 4,1157,C1157ADB
-58.439329,-34.583256,3 TRIMESTRE 2019,BAPRO CUENTA DNI,LADOBLEA S.A.,Cine Publicitario,2019-07-27,GORRITI,5801,Palermo,Comuna 14,1414,C1414BKI
-58.439023,-34.551525,3 TRIMESTRE 2019,BAPRO CUENTA DNI,LADOBLEA S.A.,Cine Publicitario,2019-07-27,JURAMENTO,721,Belgrano,Comuna 13,1428,C1428DMC
-58.357712,-34.634787,3 TRIMESTRE 2019,TARJETAS,BROADCAST SAS,Cine Publicitario,2019-07-27,SUAREZ,301,Boca,Comuna 4,1162,C1162AEG
-58.357426,-34.628426,3 TRIMESTRE 2019,BAPRO CUENTA DNI,LADOBLEA S.A.,Cine Publicitario,2019-07-27,"PEREZ GALDOS, BENITO AV.",10,Boca,Comuna 4,1155,C1155AGB
-58.372593,-34.625280,3 TRIMESTRE 2019,BAPRO CUENTA DNI,LADOBLEA S.A.,Cine Publicitario,2019-07-27,BOLIVAR,1500,San Telmo,Comuna 1,1141,C1141AAF
-58.474499,-34.619239,3 TRIMESTRE 2019,BAPRO CUENTA DNI,LADOBLEA S.A.,Cine Publicitario,2019-07-27,"VIALE, LUIS",2850,Villa Santa Rita,Comuna 11,1416,C1416DNV
-58.432249,-34.585916,3 TRIMESTRE 2019,SIEMPRE JUNTOS,Primo Contents S.R.L.,Cine Publicitario,2019-07-27,EL SALVADOR,5218,Palermo,Comuna 14,1414,C1414BPV
-58.402038,-34.611060,3 TRIMESTRE 2019,El Prófugo,Rei Cine S.R.L.,Largometraje Nacional,2019-07-28,"YRIGOYEN, HIPOLITO",2520,Balvanera,Comuna 3,1090,C1090ABB
-58.425889,-34.590290,3 TRIMESTRE 2019,TARJETAS,BROADCAST SAS,Cine Publicitario,2019-07-28,EL SALVADOR,4588,Palermo,Comuna 14,1414,C1414BPH
-58.390336,-34.618795,3 TRIMESTRE 2019,El cuento del tio,Mental Coop S.R.L.,Largometraje con I.N.C.A.A.,2019-07-28,SOLIS,881,Constitucion,Comuna 1,1078,C1078AAQ
-58.476993,-34.569245,3 TRIMESTRE 2019,TARJETAS,BROADCAST SAS,Cine Publicitario,2019-07-28,HOLMBERG,2464,Villa Urquiza,Comuna 12,1430,C1430DOT
-58.436544,-34.585475,3 TRIMESTRE 2019,BIA,Pegsa Group S.A.,Programa Televisivo,2019-07-29,GORRITI,5520,Palermo,Comuna 14,1414,C1414BKD
-58.418346,-34.571822,3 TRIMESTRE 2019,BIA,Pegsa Group S.A.,Programa Televisivo,2019-07-29,"MONTT, PEDRO, PRES. AV.",3700,Palermo,Comuna 14,,
-58.370156,-34.600560,3 TRIMESTRE 2019,Tu parte del Trato,Pol-ka Producciones S.A.,Programa Televisivo,2019-07-29,TUCUMAN,175,San Nicolas,Comuna 1,1049,C1049AAC
-58.371140,-34.602077,3 TRIMESTRE 2019,Tu parte del Trato,Pol-ka Producciones S.A.,Programa Televisivo,2019-07-29,25 DE MAYO,489,San Nicolas,Comuna 1,1002,C1002ABI
-58.363400,-34.599406,3 TRIMESTRE 2019,Tu parte del Trato,Pol-ka Producciones S.A.,Programa Televisivo,2019-07-29,DE LOS ITALIANOS AV.,150,Puerto Madero,Comuna 1,,
-58.375144,-34.603878,3 TRIMESTRE 2019,SIEMPRE JUNTOS,Primo Contents S.R.L.,Cine Publicitario,2019-07-29,FLORIDA,361,San Nicolas,Comuna 1,1005,C1005AAG
-58.369150,-34.602476,3 TRIMESTRE 2019,Tu parte del Trato,Pol-ka Producciones S.A.,Programa Televisivo,2019-07-29,BOUCHARD,454,San Nicolas,Comuna 1,1106,C1106ABF
-58.390336,-34.618795,3 TRIMESTRE 2019,El cuento del tio,Mental Coop S.R.L.,Largometraje con I.N.C.A.A.,2019-07-29,SOLIS,881,Constitucion,Comuna 1,1078,C1078AAQ
-58.402038,-34.611060,3 TRIMESTRE 2019,El Prófugo,Rei Cine S.R.L.,Largometraje Nacional,2019-07-30,"YRIGOYEN, HIPOLITO",2520,Balvanera,Comuna 3,1090,C1090ABB
-58.370156,-34.600560,3 TRIMESTRE 2019,Tu parte del Trato,Pol-ka Producciones S.A.,Programa Televisivo,2019-07-30,TUCUMAN,175,San Nicolas,Comuna 1,1049,C1049AAC
-58.363400,-34.599406,3 TRIMESTRE 2019,Tu parte del Trato,Pol-ka Producciones S.A.,Programa Televisivo,2019-07-30,DE LOS ITALIANOS AV.,150,Puerto Madero,Comuna 1,,
-58.473094,-34.573600,3 TRIMESTRE 2019,CICATRICURE JOVEN,Genomma Laboratories Argentina S.A.,Cine Publicitario,2019-07-30,HOLMBERG,1966,Villa Urquiza,Comuna 12,1430,C1430DOJ
-58.452991,-34.572869,3 TRIMESTRE 2019,HOBBY LOBBY,Tip Top Films S.R.L.,Cine Publicitario,2019-07-30,ZABALA,2945,Colegiales,Comuna 13,1426,C1426DRC
-58.473572,-34.573427,3 TRIMESTRE 2019,CICATRICURE JOVEN,Genomma Laboratories Argentina S.A.,Cine Publicitario,2019-07-30,ECHEVERRIA,4230,Villa Urquiza,Comuna 12,1430,C1430BTT
-58.437835,-34.574736,3 TRIMESTRE 2019,CICATRICURE JOVEN,Genomma Laboratories Argentina S.A.,Cine Publicitario,2019-07-30,"ARENAL, CONCEPCION",2445,Palermo,Comuna 14,1426,C1426DFC
-58.375645,-34.606762,3 TRIMESTRE 2019,ESPERANDO LAS INVERSIONES,HC Films S.R.L,Cine Publicitario,2019-07-30,"SAENZ PEÑA, ROQUE, PRES. DIAGONAL NORTE AV.",605,San Nicolas,Comuna 1,1035,C1035AAB
-58.391738,-34.583582,3 TRIMESTRE 2019,El Cruce,HC Films S.R.L,Cine Publicitario,2019-07-30,"FIGUEROA ALCORTA, PRES. AV.",2201,Recoleta,Comuna 2,1425,C1425CKB
-58.371747,-34.601950,3 TRIMESTRE 2019,TARJETAS,BROADCAST SAS,Cine Publicitario,2019-07-30,LAVALLE,345,San Nicolas,Comuna 1,1047,C1047AAG
-58.438361,-34.584168,3 TRIMESTRE 2019,TARJETAS,BROADCAST SAS,Cine Publicitario,2019-07-30,BONPLAND,1600,Palermo,Comuna 14,1414,C1414CMR
-58.456831,-34.574458,3 TRIMESTRE 2019,HOBBY LOBBY,Tip Top Films S.R.L.,Cine Publicitario,2019-07-30,CONDE,1301,Colegiales,Comuna 13,1426,C1426AZA
-58.457296,-34.571372,3 TRIMESTRE 2019,HOBBY LOBBY,Tip Top Films S.R.L.,Cine Publicitario,2019-07-30,ZAPIOLA,1502,Colegiales,Comuna 13,1426,C1426AUF
-58.445122,-34.574751,3 TRIMESTRE 2019,CICATRICURE JOVEN,Genomma Laboratories Argentina S.A.,Cine Publicitario,2019-07-31,MAURE,2801,Colegiales,Comuna 13,1426,C1426CVA
-58.452991,-34.572869,3 TRIMESTRE 2019,HOBBY LOBBY,Tip Top Films S.R.L.,Cine Publicitario,2019-07-31,ZABALA,2945,Colegiales,Comuna 13,1426,C1426DRC
-58.492039,-34.582115,3 TRIMESTRE 2019,LA CORAZONADA,Esta por Venir S.R.L.,Largometraje Nacional,2019-07-31,DE LOS CONSTITUYENTES AV.,4516,Villa Pueyrredon,Comuna 12,1431,C1431EXX
-58.417944,-34.554515,3 TRIMESTRE 2019,QUILMES,Primo Audiovisual S.R.L.,Cine Publicitario,2019-07-31,"OBLIGADO RAFAEL, AV.COSTANERA",4800,Palermo,Comuna 14,,
-58.385826,-34.606432,3 TRIMESTRE 2019,Los Angeles Azules Esto es Cumbia en Buenos Aires,CONTENT EVERYWHERE S.A.,Video Clip,2019-07-31,"PERON, JUAN DOMINGO, TTE. GENERAL",1372,San Nicolas,Comuna 1,1038,C1038ABB
-58.359239,-34.617592,3 TRIMESTRE 2019,Ypf proposito 1,Landia S.R.L.,Cine Publicitario,2019-07-31,"VERA PEÑALOZA,  ROSARIO",655,Puerto Madero,Comuna 1,1107,C1107CGM
-58.485275,-34.606935,3 TRIMESTRE 2019,BANCO CIUDAD,Proteína Pura S.A.,Cine Publicitario,2019-07-31,LASCANO,2901,Villa Del Parque,Comuna 11,1417,C1417GYM
-58.428899,-34.551046,3 TRIMESTRE 2019,QUILMES,Primo Audiovisual S.R.L.,Cine Publicitario,2019-07-31,"OBLIGADO RAFAEL, AV.COSTANERA",6145,Belgrano,Comuna 13,1428,
-58.486297,-34.576130,3 TRIMESTRE 2019,BANCO CIUDAD,Proteína Pura S.A.,Cine Publicitario,2019-07-31,BAUNESS,2248,Villa Urquiza,Comuna 12,1431,C1431DNR
-58.362143,-34.605164,3 TRIMESTRE 2019,Ypf proposito 1,Landia S.R.L.,Cine Publicitario,2019-07-31,"GUEMES, MACACHA",515,Puerto Madero,Comuna 1,1106,C1106BKK
-58.430959,-34.546964,3 TRIMESTRE 2019,QUILMES,Primo Audiovisual S.R.L.,Cine Publicitario,2019-07-31,"OBLIGADO RAFAEL, AV.COSTANERA",6700,Belgrano,Comuna 13,,
-58.390336,-34.618795,3 TRIMESTRE 2019,El cuento del tio,Mental Coop S.R.L.,Largometraje con I.N.C.A.A.,2019-07-31,SOLIS,881,Constitucion,Comuna 1,1078,C1078AAQ
-58.391738,-34.583582,3 TRIMESTRE 2019,TARJETAS,BROADCAST SAS,Cine Publicitario,2019-07-31,"FIGUEROA ALCORTA, PRES. AV.",2201,Recoleta,Comuna 2,1425,C1425CKB
-58.456831,-34.574458,3 TRIMESTRE 2019,HOBBY LOBBY,Tip Top Films S.R.L.,Cine Publicitario,2019-07-31,CONDE,1301,Colegiales,Comuna 13,1426,C1426AZA
-58.404296,-34.567417,3 TRIMESTRE 2019,QUILMES,Primo Audiovisual S.R.L.,Cine Publicitario,2019-07-31,SARMIENTO AV.,4680,Palermo,Comuna 14,1425,C1425FHU
-58.385397,-34.606846,3 TRIMESTRE 2019,Los Angeles Azules Esto es Cumbia en Buenos Aires,CONTENT EVERYWHERE S.A.,Video Clip,2019-07-31,"RIVAROLA, RODOLFO, DR.",155,San Nicolas,Comuna 1,1015,C1015AAA
-58.360381,-34.615779,3 TRIMESTRE 2019,BIA,Pegsa Group S.A.,Programa Televisivo,2019-08-01,LANTERI JULIETA,1580,Puerto Madero,Comuna 1,1107,C1107CRG
-58.402038,-34.611060,3 TRIMESTRE 2019,El Prófugo,Rei Cine S.R.L.,Largometraje Nacional,2019-08-01,"YRIGOYEN, HIPOLITO",2520,Balvanera,Comuna 3,1090,C1090ABB
-58.423370,-34.583442,3 TRIMESTRE 2019,El Prófugo,Rei Cine S.R.L.,Largometraje Nacional,2019-08-01,CHARCAS,4337,Palermo,Comuna 14,1425,C1425BNK
-58.396729,-34.585561,3 TRIMESTRE 2019,LA NOCHE DEL DELIVERY,Fundación del Cine,Estudiantes,2019-08-01,"GELLY Y OBES, GRAL. AV.",2294,Recoleta,Comuna 2,1425,C1425EMB
-58.423976,-34.575972,3 TRIMESTRE 2019,BANCO CIUDAD,Proteína Pura S.A.,Cine Publicitario,2019-08-01,SINCLAIR,2929,Palermo,Comuna 14,1425,C1425FRA
-58.444436,-34.586023,3 TRIMESTRE 2019,BANCO CIUDAD,Proteína Pura S.A.,Cine Publicitario,2019-08-01,CASTILLO,1709,Chacarita,Comuna 15,1414,C1414AXK
-58.420226,-34.569974,3 TRIMESTRE 2019,Run Forest,El Borde S.R.L.,Otros,2019-08-01,"ISABEL, INFANTA AV.",1000,Palermo,Comuna 14,1425,C1425CHA
-58.473406,-34.583776,3 TRIMESTRE 2019,El Prófugo,Rei Cine S.R.L.,Largometraje Nacional,2019-08-01,LLERENA,2437,Parque Chas,Comuna 15,1427,C1427DEA
-58.385397,-34.606846,3 TRIMESTRE 2019,Los Angeles Azules Esto es Cumbia en Buenos Aires,CONTENT EVERYWHERE S.A.,Video Clip,2019-08-01,"RIVAROLA, RODOLFO, DR.",155,San Nicolas,Comuna 1,1015,C1015AAA
-58.378123,-34.615156,3 TRIMESTRE 2019,QUILMES,Primo Audiovisual S.R.L.,Cine Publicitario,2019-08-01,MEXICO,840,Monserrat,Comuna 1,1097,C1097AAR
-58.436352,-34.580863,3 TRIMESTRE 2019,BANCO CIUDAD,Proteína Pura S.A.,Cine Publicitario,2019-08-01,"CARRANZA, ANGEL JUSTINIANO",1925,Palermo,Comuna 14,1414,C1414COW
-58.380574,-34.610341,3 TRIMESTRE 2019,QUILMES,Primo Audiovisual S.R.L.,Cine Publicitario,2019-08-01,"IRIGOYEN, BERNARDO DE",172,Monserrat,Comuna 1,1072,C1072AAD
-58.383303,-34.609723,3 TRIMESTRE 2019,QUILMES,Primo Audiovisual S.R.L.,Cine Publicitario,2019-08-01,"YRIGOYEN, HIPOLITO",1199,Monserrat,Comuna 1,1086,C1086AAS
-58.492039,-34.582115,3 TRIMESTRE 2019,LA CORAZONADA,Esta por Venir S.R.L.,Largometraje Nacional,2019-08-02,DE LOS CONSTITUYENTES AV.,4516,Villa Pueyrredon,Comuna 12,1431,C1431EXX
-58.437401,-34.578540,3 TRIMESTRE 2019,GOICOECHEA BOMBA,Genomma Laboratories Argentina S.A.,Cine Publicitario,2019-08-02,NICARAGUA,5993,Palermo,Comuna 14,1414,C1414BWK
-58.437317,-34.578166,3 TRIMESTRE 2019,GOICOECHEA BOMBA,Genomma Laboratories Argentina S.A.,Cine Publicitario,2019-08-02,AREVALO,2030,Palermo,Comuna 14,1414,C1414CQP
-58.377332,-34.595558,3 TRIMESTRE 2019,GOICOECHEA BOMBA,Genomma Laboratories Argentina S.A.,Cine Publicitario,2019-08-02,SANTA FE AV.,750,Retiro,Comuna 1,1059,C1059ABO
-58.379452,-34.595263,3 TRIMESTRE 2019,GOICOECHEA BOMBA,Genomma Laboratories Argentina S.A.,Cine Publicitario,2019-08-02,SANTA FE AV.,862,Retiro,Comuna 1,1059,C1059ABP
-58.444436,-34.586023,3 TRIMESTRE 2019,"Plusbelle \""Nuestra escencia\""",VATO ADVERTAINMENT SA,Cine Publicitario,2019-08-02,CASTILLO,1709,Chacarita,Comuna 15,1414,C1414AXK
-58.385826,-34.606432,3 TRIMESTRE 2019,Los Angeles Azules Esto es Cumbia en Buenos Aires,CONTENT EVERYWHERE S.A.,Video Clip,2019-08-02,"PERON, JUAN DOMINGO, TTE. GENERAL",1372,San Nicolas,Comuna 1,1038,C1038ABB
-58.378567,-34.594902,3 TRIMESTRE 2019,GOICOECHEA BOMBA,Genomma Laboratories Argentina S.A.,Cine Publicitario,2019-08-02,ESMERALDA,1120,Retiro,Comuna 1,1007,C1007ABP
-58.444436,-34.586023,3 TRIMESTRE 2019,BANCO CIUDAD,Proteína Pura S.A.,Cine Publicitario,2019-08-03,CASTILLO,1709,Chacarita,Comuna 15,1414,C1414AXK
-58.486297,-34.576130,3 TRIMESTRE 2019,BANCO CIUDAD,Proteína Pura S.A.,Cine Publicitario,2019-08-03,BAUNESS,2248,Villa Urquiza,Comuna 12,1431,C1431DNR
-58.436755,-34.579518,3 TRIMESTRE 2019,MUNDO EPICUREO,Labhouse S.A.,Cine Publicitario,2019-08-03,"RAVIGNANI, EMILIO, DR.",1985,Palermo,Comuna 14,1414,C1414CPS
-58.388730,-34.610106,3 TRIMESTRE 2019,volkswagen,Fight Films S.A.,Cine Publicitario,2019-08-03,"YRIGOYEN, HIPOLITO AV.",1590,Monserrat,Comuna 1,1089,C1089AAD
-58.438349,-34.585488,3 TRIMESTRE 2019,MUNDO EPICUREO,Labhouse S.A.,Cine Publicitario,2019-08-03,"CABRERA, JOSE A.",5621,Palermo,Comuna 14,1414,C1414BHE
-58.373092,-34.596080,3 TRIMESTRE 2019,volkswagen,Fight Films S.A.,Cine Publicitario,2019-08-03,RECONQUISTA,1001,Retiro,Comuna 1,1003,C1003ABU
-58.389545,-34.591981,3 TRIMESTRE 2019,MUNDO EPICUREO,Labhouse S.A.,Cine Publicitario,2019-08-04,"LOPEZ, VICENTE",1661,Recoleta,Comuna 2,1018,C1018ABA
-58.385359,-34.607461,3 TRIMESTRE 2019,Tierra mojada,Pablo Rojzman,Video Clip,2019-08-04,"RIVAROLA, RODOLFO, DR.",101,San Nicolas,Comuna 1,1015,C1015AAA
-58.473406,-34.583776,3 TRIMESTRE 2019,Entre Hombres,Pol-ka Producciones S.A.,Programa Televisivo,2019-08-05,LLERENA,2437,Parque Chas,Comuna 15,1427,C1427DEA
-58.454323,-34.612460,3 TRIMESTRE 2019,Entre Hombres,Pol-ka Producciones S.A.,Programa Televisivo,2019-08-05,FRAGATA PRES. SARMIENTO,1023,Caballito,Comuna 6,1405,C1405APM
-58.492039,-34.582115,3 TRIMESTRE 2019,LA CORAZONADA,Esta por Venir S.R.L.,Largometraje Nacional,2019-08-05,DE LOS CONSTITUYENTES AV.,4516,Villa Pueyrredon,Comuna 12,1431,C1431EXX
-58.474304,-34.619135,3 TRIMESTRE 2019,Entre Hombres,Pol-ka Producciones S.A.,Programa Televisivo,2019-08-06,"VIALE, LUIS",2828,Villa Santa Rita,Comuna 11,1416,C1416DNV
-58.368894,-34.636435,3 TRIMESTRE 2019,Tu parte del Trato,Pol-ka Producciones S.A.,Programa Televisivo,2019-08-06,PINZON,1148,Boca,Comuna 4,1161,C1161ADF
-58.369168,-34.602336,3 TRIMESTRE 2019,LA CORAZONADA,Esta por Venir S.R.L.,Largometraje Nacional,2019-08-06,BOUCHARD,460,San Nicolas,Comuna 1,1106,C1106ABF
-58.435466,-34.555834,3 TRIMESTRE 2019,BIA,Pegsa Group S.A.,Programa Televisivo,2019-08-07,"TORNQUIST, ERNESTO AV.",6397,Palermo,Comuna 14,1426,C1426CDA
-58.454323,-34.612460,3 TRIMESTRE 2019,Entre Hombres,Pol-ka Producciones S.A.,Programa Televisivo,2019-08-07,FRAGATA PRES. SARMIENTO,1023,Caballito,Comuna 6,1405,C1405APM
-58.368894,-34.636435,3 TRIMESTRE 2019,Tu parte del Trato,Pol-ka Producciones S.A.,Programa Televisivo,2019-08-07,PINZON,1148,Boca,Comuna 4,1161,C1161ADF
-58.459199,-34.685041,3 TRIMESTRE 2019,LA CORAZONADA,Esta por Venir S.R.L.,Largometraje Nacional,2019-08-07,LARRAZABAL AV.,5100,Villa Lugano,Comuna 8,1439,C1439EES
-58.465095,-34.678705,3 TRIMESTRE 2019,LA CORAZONADA,Esta por Venir S.R.L.,Largometraje Nacional,2019-08-07,18 DE OCTUBRE DE 1908,4501,Villa Lugano,Comuna 8,,
-58.359827,-34.617323,3 TRIMESTRE 2019,BIA,Pegsa Group S.A.,Programa Televisivo,2019-08-08,"VERA PEÑALOZA,  ROSARIO",602,Puerto Madero,Comuna 1,1107,C1107CGN
-58.435133,-34.558357,3 TRIMESTRE 2019,Tu parte del Trato,Pol-ka Producciones S.A.,Programa Televisivo,2019-08-08,"TORNQUIST, ERNESTO AV.",6385,Palermo,Comuna 14,1426,C1426CDA
-58.474595,-34.619178,3 TRIMESTRE 2019,LA CORAZONADA,Esta por Venir S.R.L.,Largometraje Nacional,2019-08-08,"VIALE, LUIS",2881,Villa Santa Rita,Comuna 11,1416,C1416DNU
-58.451801,-34.618895,3 TRIMESTRE 2019,CINE CLUB,Fundación del Cine,Estudiantes,2019-08-08,"OROÑO, NICASIO",450,Caballito,Comuna 6,1405,C1405AQB
-58.420627,-34.569422,3 TRIMESTRE 2019,Tu parte del Trato,Pol-ka Producciones S.A.,Programa Televisivo,2019-08-08,"FREYRE, MARCELINO E., CNEL. AV.",3802,Palermo,Comuna 14,1425,C1425CJA
-58.435418,-34.555384,3 TRIMESTRE 2019,LA CORAZONADA,Esta por Venir S.R.L.,Largometraje Nacional,2019-08-09,"TORNQUIST, ERNESTO AV.",6390,Palermo,Comuna 14,1426,C1426CDA
-58.451365,-34.618157,3 TRIMESTRE 2019,CINE CLUB,Fundación del Cine,Estudiantes,2019-08-09,"ARANGUREN, JUAN F., DR.",1350,Caballito,Comuna 6,1405,C1405CSB
-58.362059,-34.634602,3 TRIMESTRE 2019,Entre Hombres,Pol-ka Producciones S.A.,Programa Televisivo,2019-08-09,PINZON,546,Boca,Comuna 4,1161,C1161ACL
-58.364213,-34.627739,3 TRIMESTRE 2019,Entre Hombres,Pol-ka Producciones S.A.,Programa Televisivo,2019-08-09,"GUSTAVINO, ENRIQUE",301,Boca,Comuna 4,1156,C1156AEA
-58.385367,-34.601678,3 TRIMESTRE 2019,Tu parte del Trato,Pol-ka Producciones S.A.,Programa Televisivo,2019-08-09,TALCAHUANO,600,San Nicolas,Comuna 1,1013,C1013AAL
-58.456074,-34.554568,3 TRIMESTRE 2019,"FAMILIA, Agravado por el vinculo",Magoya Films S.A.,Largometraje con I.N.C.A.A.,2019-08-11,3 DE FEBRERO,2609,Belgrano,Comuna 13,1428,C1428AHQ
-58.371341,-34.617872,3 TRIMESTRE 2019,CINE CLUB,Fundación del Cine,Estudiantes,2019-08-12,"GIUFFRA, JOSE M.,DR.",370,San Telmo,Comuna 1,1064,C1064ADD
-58.393886,-34.586112,3 TRIMESTRE 2019,CINE CLUB,Fundación del Cine,Estudiantes,2019-08-12,AZCUENAGA,2048,Recoleta,Comuna 2,1128,C1128AAJ
-58.372131,-34.630619,3 TRIMESTRE 2019,Tu parte del Trato,Pol-ka Producciones S.A.,Programa Televisivo,2019-08-13,PIEDRAS,1998,Barracas,Comuna 4,1140,C1140ABP
-58.403645,-34.609909,3 TRIMESTRE 2019,Joan,Werner Cine S.R.L.,Largometraje con I.N.C.A.A.,2019-08-13,RIVADAVIA AV.,2625,Balvanera,Comuna 3,1034,C1034ACF
-58.372367,-34.612576,3 TRIMESTRE 2019,Joan,Werner Cine S.R.L.,Largometraje con I.N.C.A.A.,2019-08-13,BELGRANO AV.,430,Monserrat,Comuna 1,1092,C1092AAR
-58.371576,-34.596309,3 TRIMESTRE 2019,LA CORAZONADA,Esta por Venir S.R.L.,Largometraje Nacional,2019-08-13,BUTTY,261,Retiro,Comuna 1,1001,C1001AFA
-58.473985,-34.583872,3 TRIMESTRE 2019,Raid,Landia S.R.L.,Cine Publicitario,2019-08-13,TORRENT,1227,Parque Chas,Comuna 15,1427,C1427AVC
-58.385841,-34.603869,3 TRIMESTRE 2019,Fanny Camina,Arias Alejandro Martin,Largometraje,2019-08-13,CORRIENTES AV.,1343,San Nicolas,Comuna 1,1043,C1043ABA
-58.473406,-34.583776,3 TRIMESTRE 2019,Entre Hombres,Pol-ka Producciones S.A.,Programa Televisivo,2019-08-13,LLERENA,2437,Parque Chas,Comuna 15,1427,C1427DEA
-58.364256,-34.633823,3 TRIMESTRE 2019,Entre Hombres,Pol-ka Producciones S.A.,Programa Televisivo,2019-08-13,"ZOLEZZI, ANTONIO L.",50,Boca,Comuna 4,1160,C1160AFB
-58.373996,-34.641282,3 TRIMESTRE 2019,Tu parte del Trato,Pol-ka Producciones S.A.,Programa Televisivo,2019-08-13,"MONTES DE OCA, MANUEL AV.",1144,Barracas,Comuna 4,1270,C1270AAY
-58.441722,-34.568200,3 TRIMESTRE 2019,Joan,Werner Cine S.R.L.,Largometraje con I.N.C.A.A.,2019-08-14,OLLEROS,2141,Palermo,Comuna 14,1426,C1426CRM
-58.383943,-34.590363,3 TRIMESTRE 2019,"FAMILIA, Agravado por el vinculo",Magoya Films S.A.,Largometraje con I.N.C.A.A.,2019-08-14,LIBERTAD,1542,Retiro,Comuna 1,1016,C1016ABF
-58.380528,-34.655067,3 TRIMESTRE 2019,Bios 2,Underground Producciones S.A.,Programa Televisivo,2019-08-14,SANTA MARIA DEL BUEN AIRE,1096,Barracas,Comuna 4,1277,C1277ADP
-58.367658,-34.607562,3 TRIMESTRE 2019,"MERCADO PAGO, Mi manera, Mi sensacion",Nube Pictures S.R.L.,Fotografia,2019-08-14,"HUERGO, ING. AV.",56,Monserrat,Comuna 1,1107,C1107AON
-58.464534,-34.541447,3 TRIMESTRE 2019,"MERCADO PAGO, Mi manera, Mi sensacion",Nube Pictures S.R.L.,Fotografia,2019-08-14,11 DE SEPTIEMBRE DE 1888,4152,Nu\u00f1ez,Comuna 13,1429,C1429BJB
-58.360291,-34.616035,3 TRIMESTRE 2019,"MERCADO PAGO, Mi manera, Mi sensacion",Nube Pictures S.R.L.,Fotografia,2019-08-14,LANTERI JULIETA,1601,Puerto Madero,Comuna 1,1107,C1107CRI
-58.362875,-34.616199,3 TRIMESTRE 2019,"MERCADO PAGO, Mi manera, Mi sensacion",Nube Pictures S.R.L.,Fotografia,2019-08-14,"EZCURRA, ENCARNACION",302,Puerto Madero,Comuna 1,1107,C1107BUA
-58.473406,-34.583776,3 TRIMESTRE 2019,Entre Hombres,Pol-ka Producciones S.A.,Programa Televisivo,2019-08-14,LLERENA,2437,Parque Chas,Comuna 15,1427,C1427DEA
-58.465287,-34.569244,3 TRIMESTRE 2019,LA CORAZONADA,Esta por Venir S.R.L.,Largometraje Nacional,2019-08-14,SUPERI,1949,Belgrano,Comuna 13,1430,C1430FDC
-58.405986,-34.642441,3 TRIMESTRE 2019,LA CORAZONADA,Esta por Venir S.R.L.,Largometraje Nacional,2019-08-15,IGUAZU,410,Parque Patricios,Comuna 4,1437,C1437ETF
-58.403238,-34.576465,3 TRIMESTRE 2019,UN MOVIMIENTO EXTRAÑO,Fundación del Cine,Estudiantes,2019-08-15,"CORONADO, MARTIN",3350,Palermo,Comuna 14,1425,C1425CSF
-58.457004,-34.610781,3 TRIMESTRE 2019,SIRENAS,Nicolás Münzel Camaño,Otros,2019-08-15,"OROÑO, NICASIO",1235,Caballito,Comuna 6,1416,C1416BZC
-58.388325,-34.597459,3 TRIMESTRE 2019,EL PERFECTO DAVID,Oh My Gómez S.A.,Largometraje con I.N.C.A.A.,2019-08-15,PARANA,992,Recoleta,Comuna 2,1017,C1017AAT
-58.473406,-34.583776,3 TRIMESTRE 2019,Entre Hombres,Pol-ka Producciones S.A.,Programa Televisivo,2019-08-16,LLERENA,2437,Parque Chas,Comuna 15,1427,C1427DEA
-58.405970,-34.642519,3 TRIMESTRE 2019,LA CORAZONADA,Esta por Venir S.R.L.,Largometraje Nacional,2019-08-16,IGUAZU,420,Parque Patricios,Comuna 4,1437,C1437ETF
-58.383943,-34.590363,3 TRIMESTRE 2019,"FAMILIA, Agravado por el vinculo",Magoya Films S.A.,Largometraje con I.N.C.A.A.,2019-08-16,LIBERTAD,1542,Retiro,Comuna 1,1016,C1016ABF
-58.444436,-34.586023,3 TRIMESTRE 2019,CORONITA,LADOBLEA S.A.,Cine Publicitario,2019-08-16,CASTILLO,1709,Chacarita,Comuna 15,1414,C1414AXK
-58.375358,-34.601692,3 TRIMESTRE 2019,UN MOVIMIENTO EXTRAÑO,Fundación del Cine,Estudiantes,2019-08-16,FLORIDA,550,San Nicolas,Comuna 1,1005,C1005AAL
-58.482026,-34.548503,3 TRIMESTRE 2019,CORONITA,LADOBLEA S.A.,Cine Publicitario,2019-08-16,RUIZ HUIDOBRO,3387,Saavedra,Comuna 12,1430,C1430CJA
-58.369910,-34.618442,3 TRIMESTRE 2019,CORONITA,LADOBLEA S.A.,Cine Publicitario,2019-08-16,ESTADOS UNIDOS,272,San Telmo,Comuna 1,1101,C1101AAF
-58.449818,-34.592162,3 TRIMESTRE 2019,CORONITA,LADOBLEA S.A.,Cine Publicitario,2019-08-16,LEIVA,4215,Chacarita,Comuna 15,1427,C1427EMG
-58.366743,-34.623641,3 TRIMESTRE 2019,SANTANDER,Puenzo Hnos. S.A.,Cine Publicitario,2019-08-16,AZOPARDO,1387,San Telmo,Comuna 1,1107,C1107ADW
-58.383943,-34.590363,3 TRIMESTRE 2019,"FAMILIA, Agravado por el vinculo",Magoya Films S.A.,Largometraje con I.N.C.A.A.,2019-08-18,LIBERTAD,1542,Retiro,Comuna 1,1016,C1016ABF
-58.371602,-34.603005,3 TRIMESTRE 2019,CORONITA,LADOBLEA S.A.,Cine Publicitario,2019-08-18,CORRIENTES AV.,327,San Nicolas,Comuna 1,1043,C1043AAD
-58.371064,-34.612498,3 TRIMESTRE 2019,CORONITA,LADOBLEA S.A.,Cine Publicitario,2019-08-18,BELGRANO AV.,350,Monserrat,Comuna 1,1092,C1092AAQ
-58.437744,-34.578413,3 TRIMESTRE 2019,CORONITA,LADOBLEA S.A.,Cine Publicitario,2019-08-18,NICARAGUA,6002,Palermo,Comuna 14,1414,C1414BWN
-58.378356,-34.598442,3 TRIMESTRE 2019,CORONITA,LADOBLEA S.A.,Cine Publicitario,2019-08-18,ESMERALDA,840,Retiro,Comuna 1,1007,C1007ABJ
-58.437744,-34.578413,3 TRIMESTRE 2019,CORONITA,LADOBLEA S.A.,Cine Publicitario,2019-08-19,NICARAGUA,6002,Palermo,Comuna 14,1414,C1414BWN
-58.395024,-34.607737,3 TRIMESTRE 2019,TENDER,Rebolución S.A.,Cine Publicitario,2019-08-19,AYACUCHO,136,Balvanera,Comuna 3,1025,C1025AAD
-58.371795,-34.626566,3 TRIMESTRE 2019,TENDER,Rebolución S.A.,Cine Publicitario,2019-08-19,CASEROS AV.,449,San Telmo,Comuna 1,1152,C1152AAA
-58.356850,-34.616372,3 TRIMESTRE 2019,TENDER,Rebolución S.A.,Cine Publicitario,2019-08-19,"ACHAVAL RODRIGUEZ, T., DR. AV.",1402,Puerto Madero,Comuna 1,1107,C1107ACQ
-58.359898,-34.613401,3 TRIMESTRE 2019,TENDER,Rebolución S.A.,Cine Publicitario,2019-08-19,LANTERI JULIETA,1331,Puerto Madero,Comuna 1,,
-58.456972,-34.610826,3 TRIMESTRE 2019,McDonald\'s,Agosto BA S.R.L.,Cine Publicitario,2019-08-20,"OROÑO, NICASIO",1231,Caballito,Comuna 6,1416,C1416BZC
-58.369708,-34.619284,3 TRIMESTRE 2019,McDonald\'s,Agosto BA S.R.L.,Cine Publicitario,2019-08-20,"CALVO, CARLOS",257,San Telmo,Comuna 1,1102,C1102AAE
-58.483607,-34.550056,3 TRIMESTRE 2019,Corazón Loco,Patagonik Film Group S.A.,Largometraje Nacional,2019-08-21,MELIAN AV.,4247,Saavedra,Comuna 12,1430,C1430EZK
-58.383943,-34.590363,3 TRIMESTRE 2019,"FAMILIA, Agravado por el vinculo",Magoya Films S.A.,Largometraje con I.N.C.A.A.,2019-08-21,LIBERTAD,1542,Retiro,Comuna 1,1016,C1016ABF
-58.467578,-34.544290,3 TRIMESTRE 2019,TENDER,Rebolución S.A.,Cine Publicitario,2019-08-21,ARCOS,4034,Nu\u00f1ez,Comuna 13,1429,C1429AZZ
-58.464534,-34.541447,3 TRIMESTRE 2019,TENDER,Rebolución S.A.,Cine Publicitario,2019-08-21,11 DE SEPTIEMBRE DE 1888,4152,Nu\u00f1ez,Comuna 13,1429,C1429BJB
-58.467884,-34.542111,3 TRIMESTRE 2019,TENDER,Rebolución S.A.,Cine Publicitario,2019-08-21,O'HIGGINS,4258,Nu\u00f1ez,Comuna 13,1429,C1429BCD
-58.362448,-34.612082,3 TRIMESTRE 2019,AVON SIGNATURE,Drimburo S.A.,Fotografia,2019-08-21,"VILLAFLOR, AZUCENA",401,Puerto Madero,Comuna 1,1107,
-58.448585,-34.637927,3 TRIMESTRE 2019,FRUGOS,Casta Diva Pictures S.A.,Cine Publicitario,2019-08-21,PUMACAHUA,1200,Parque Chacabuco,Comuna 7,1406,C1406DCX
-58.464582,-34.684397,3 TRIMESTRE 2019,McDonald\'s,Agosto BA S.R.L.,Cine Publicitario,2019-08-21,SOLDADO DE LA FRONTERA AV.,5101,Villa Lugano,Comuna 8,1439,C1439FPE
-58.473406,-34.583776,3 TRIMESTRE 2019,Entre Hombres,Pol-ka Producciones S.A.,Programa Televisivo,2019-08-22,LLERENA,2437,Parque Chas,Comuna 15,1427,C1427DEA
-58.371812,-34.612543,3 TRIMESTRE 2019,LA CORAZONADA,Esta por Venir S.R.L.,Largometraje Nacional,2019-08-22,BELGRANO AV.,400,Monserrat,Comuna 1,1092,C1092AAQ
-58.456972,-34.610826,3 TRIMESTRE 2019,McDonald\'s,Agosto BA S.R.L.,Cine Publicitario,2019-08-22,"OROÑO, NICASIO",1231,Caballito,Comuna 6,1416,C1416BZC
-58.369580,-34.616542,3 TRIMESTRE 2019,LA CORAZONADA,Esta por Venir S.R.L.,Largometraje Nacional,2019-08-22,SAN LORENZO,201,San Telmo,Comuna 1,1064,C1064AFA
-58.404824,-34.582670,3 TRIMESTRE 2019,FRUGOS,Casta Diva Pictures S.A.,Cine Publicitario,2019-08-22,ORTIZ DE OCAMPO,2600,Palermo,Comuna 14,1425,C1425DSN
-58.372367,-34.612576,3 TRIMESTRE 2019,LA CORAZONADA,Esta por Venir S.R.L.,Largometraje Nacional,2019-08-23,BELGRANO AV.,430,Monserrat,Comuna 1,1092,C1092AAR
-58.383943,-34.590363,3 TRIMESTRE 2019,"FAMILIA, Agravado por el vinculo",Magoya Films S.A.,Largometraje con I.N.C.A.A.,2019-08-23,LIBERTAD,1542,Retiro,Comuna 1,1016,C1016ABF
-58.453913,-34.603383,3 TRIMESTRE 2019,EL PERFECTO DAVID,Oh My Gómez S.A.,Largometraje con I.N.C.A.A.,2019-08-23,"REPETTO, NICOLAS, DR.",1728,Villa Crespo,Comuna 15,1416,C1416CLN
-58.447996,-34.636335,3 TRIMESTRE 2019,FRUGOS,Casta Diva Pictures S.A.,Cine Publicitario,2019-08-23,ZUVIRIA,1900,Parque Chacabuco,Comuna 7,1406,C1406HSD
-58.374259,-34.596883,3 TRIMESTRE 2019,Ahoritas,Landia S.R.L.,Cine Publicitario,2019-08-23,SAN MARTIN,941,Retiro,Comuna 1,1004,C1004AAS
-58.429023,-34.586600,3 TRIMESTRE 2019,Ahoritas,Landia S.R.L.,Cine Publicitario,2019-08-23,THAMES,1810,Palermo,Comuna 14,1414,C1414DDL
-58.464582,-34.684397,3 TRIMESTRE 2019,McDonald\'s,Agosto BA S.R.L.,Cine Publicitario,2019-08-23,SOLDADO DE LA FRONTERA AV.,5101,Villa Lugano,Comuna 8,1439,C1439FPE
-58.382374,-34.601918,3 TRIMESTRE 2019,Ahoritas,Landia S.R.L.,Cine Publicitario,2019-08-23,CERRITO,550,San Nicolas,Comuna 1,1010,C1010AAL
-58.381080,-34.602795,3 TRIMESTRE 2019,NEW YEAR BLUES,M&S Producción S.R.L.,Largometraje,2019-08-24,"PELLEGRINI, CARLOS",450,San Nicolas,Comuna 1,1009,C1009ABJ
-58.371344,-34.613626,3 TRIMESTRE 2019,NEW YEAR BLUES,M&S Producción S.R.L.,Largometraje,2019-08-24,REPUBLICA BOLIVARIANA DE VENEZUELA,350,Monserrat,Comuna 1,1095,C1095AAH
-58.430477,-34.589798,3 TRIMESTRE 2019,NEW YEAR BLUES,M&S Producción S.R.L.,Largometraje,2019-08-25,GORRITI,4929,Palermo,Comuna 14,1414,C1414BJO
-58.375457,-34.612784,3 TRIMESTRE 2019,NEW YEAR BLUES,M&S Producción S.R.L.,Largometraje,2019-08-25,BELGRANO AV.,650,Monserrat,Comuna 1,1092,C1092AAT
-58.378305,-34.627677,3 TRIMESTRE 2019,Rusia,Pantera & Co SAS,Otros,2019-08-25,"IRIGOYEN, BERNARDO DE",1608,Constitucion,Comuna 1,1138,C1138ABJ
-58.386147,-34.609455,3 TRIMESTRE 2019,NEW YEAR BLUES,M&S Producción S.R.L.,Largometraje,2019-08-25,DE MAYO AV.,1396,Monserrat,Comuna 1,1085,C1085ABQ
-58.462461,-34.597093,3 TRIMESTRE 2019,EL PERFECTO DAVID,Oh My Gómez S.A.,Largometraje con I.N.C.A.A.,2019-08-26,"DICKMAN, ADOLFO, DR.",980,Paternal,Comuna 15,1416,C1416EHB
-58.475440,-34.643973,3 TRIMESTRE 2019,El Perro no Calla,Oh My Gómez S.A.,Largometraje con I.N.C.A.A.,2019-08-26,SAN PEDRO,4056,Parque Avellaneda,Comuna 9,1407,C1407HNJ
-58.441732,-34.635920,3 TRIMESTRE 2019,El mal soltero,Pensa y Rocca Producciones S.R.L.,Largometraje con I.N.C.A.A.,2019-08-26,ASAMBLEA AV.,1200,Parque Chacabuco,Comuna 7,1406,C1406HVO
-58.438622,-34.579455,3 TRIMESTRE 2019,BabySec,Fight Films S.A.,Cine Publicitario,2019-08-26,AREVALO,1901,Palermo,Comuna 14,1414,C1414CQM
-58.460182,-34.572873,3 TRIMESTRE 2019,BabySec,Fight Films S.A.,Cine Publicitario,2019-08-26,CONDE,1567,Colegiales,Comuna 13,1426,C1426AZE
-58.418346,-34.571822,3 TRIMESTRE 2019,BIA,Pegsa Group S.A.,Programa Televisivo,2019-08-26,"MONTT, PEDRO, PRES. AV.",3700,Palermo,Comuna 14,,
-58.443021,-34.625271,3 TRIMESTRE 2019,Corazón Loco,Patagonik Film Group S.A.,Largometraje Nacional,2019-08-26,VALLE,1088,Caballito,Comuna 6,1424,C1424BVV
-58.478586,-34.642312,3 TRIMESTRE 2019,El Perro no Calla,Oh My Gómez S.A.,Largometraje con I.N.C.A.A.,2019-08-26,LACARRA AV.,870,Parque Avellaneda,Comuna 9,1407,C1407JQR
-58.451853,-34.593501,3 TRIMESTRE 2019,El Perro no Calla,Oh My Gómez S.A.,Largometraje con I.N.C.A.A.,2019-08-26,OTERO,132,Chacarita,Comuna 15,1427,C1427BMD
-58.449730,-34.584748,3 TRIMESTRE 2019,El Perro no Calla,Oh My Gómez S.A.,Largometraje con I.N.C.A.A.,2019-08-27,ROSETI,401,Chacarita,Comuna 15,1427,C1427BVI
-58.480132,-34.615070,3 TRIMESTRE 2019,MUNDO ACIDO,EXXIA S.A.,Cine Publicitario,2019-08-27,"DIAZ, CESAR, GRAL.",3000,Villa Santa Rita,Comuna 11,1416,C1416DWF
-58.432361,-34.588815,3 TRIMESTRE 2019,MUNDO ACIDO,EXXIA S.A.,Cine Publicitario,2019-08-27,THAMES,1490,Palermo,Comuna 14,1414,C1414DDD
-58.422829,-34.593414,3 TRIMESTRE 2019,SPRITE,Primo Audiovisual S.R.L.,Cine Publicitario,2019-08-27,GASCON,1460,Palermo,Comuna 14,1181,C1181ADB
-58.430125,-34.588507,3 TRIMESTRE 2019,NEW YEAR BLUES,M&S Producción S.R.L.,Largometraje,2019-08-27,"BORGES, JORGE LUIS",1636,Palermo,Comuna 14,1414,C1414DGB
-58.362895,-34.609348,3 TRIMESTRE 2019,MUNDO ACIDO,EXXIA S.A.,Cine Publicitario,2019-08-27,MANSO JUANA,1000,Puerto Madero,Comuna 1,1107,C1107CBT
-58.433160,-34.586565,3 TRIMESTRE 2019,El mal soltero,Pensa y Rocca Producciones S.R.L.,Largometraje con I.N.C.A.A.,2019-08-27,HONDURAS,5329,Palermo,Comuna 14,1414,C1414BMW
-58.375596,-34.603256,3 TRIMESTRE 2019,SPRITE,Primo Audiovisual S.R.L.,Cine Publicitario,2019-08-27,CORRIENTES AV.,625,San Nicolas,Comuna 1,1043,C1043AAG
-58.403238,-34.576465,3 TRIMESTRE 2019,UN MOVIMIENTO EXTRAÑO,Fundación del Cine,Estudiantes,2019-08-28,"CORONADO, MARTIN",3350,Palermo,Comuna 14,1425,C1425CSF
-58.460182,-34.572873,3 TRIMESTRE 2019,BabySec,Fight Films S.A.,Cine Publicitario,2019-08-28,CONDE,1567,Colegiales,Comuna 13,1426,C1426AZE
-58.438622,-34.579455,3 TRIMESTRE 2019,BabySec,Fight Films S.A.,Cine Publicitario,2019-08-28,AREVALO,1901,Palermo,Comuna 14,1414,C1414CQM
-58.439832,-34.582880,3 TRIMESTRE 2019,Los cuerpos ajenos,Escuela Nacional de Experimentación y Realización Cinematográfica,Cortometraje,2019-08-28,GORRITI,5857,Palermo,Comuna 14,1414,C1414BKI
-58.443021,-34.625271,3 TRIMESTRE 2019,Corazón Loco,Patagonik Film Group S.A.,Largometraje Nacional,2019-08-28,VALLE,1088,Caballito,Comuna 6,1424,C1424BVV
-58.386335,-34.601691,3 TRIMESTRE 2019,"FAMILIA, Agravado por el vinculo",Magoya Films S.A.,Largometraje con I.N.C.A.A.,2019-08-28,TUCUMAN,1360,San Nicolas,Comuna 1,1050,C1050AAB
-58.383259,-34.596797,3 TRIMESTRE 2019,FREACK,Puenzo Hnos. S.A.,Video Clip,2019-08-28,"ALVEAR, MARCELO T. DE",1125,Retiro,Comuna 1,1058,C1058AAQ
-58.421733,-34.568604,3 TRIMESTRE 2019,Entre Hombres,Pol-ka Producciones S.A.,Programa Televisivo,2019-08-29,"FREYRE, MARCELINO E., CNEL. AV.",3601,Palermo,Comuna 14,,
-58.473406,-34.583776,3 TRIMESTRE 2019,Entre Hombres,Pol-ka Producciones S.A.,Programa Televisivo,2019-08-29,LLERENA,2437,Parque Chas,Comuna 15,1427,C1427DEA
-58.375358,-34.601692,3 TRIMESTRE 2019,UN MOVIMIENTO EXTRAÑO,Fundación del Cine,Estudiantes,2019-08-29,FLORIDA,536,San Nicolas,Comuna 1,1005,C1005AAL
-58.375462,-34.597708,3 TRIMESTRE 2019,UN MOVIMIENTO EXTRAÑO,Fundación del Cine,Estudiantes,2019-08-29,FLORIDA,888,Retiro,Comuna 1,1005,C1005AAR
-58.382572,-34.603102,3 TRIMESTRE 2019,FREACK,Puenzo Hnos. S.A.,Video Clip,2019-08-29,"SAENZ PEÑA, ROQUE, PRES. DIAGONAL NORTE AV.",1101,San Nicolas,Comuna 1,1035,C1035AAG
-58.435466,-34.555834,3 TRIMESTRE 2019,BIA,Pegsa Group S.A.,Programa Televisivo,2019-08-29,"TORNQUIST, ERNESTO AV.",6397,Palermo,Comuna 14,1426,C1426CDA
-58.386147,-34.609455,3 TRIMESTRE 2019,NEW YEAR BLUES,M&S Producción S.R.L.,Largometraje,2019-08-29,DE MAYO AV.,1396,Monserrat,Comuna 1,1085,C1085ABQ
-58.373013,-34.618212,3 TRIMESTRE 2019,NEW YEAR BLUES,M&S Producción S.R.L.,Largometraje,2019-08-29,BOLIVAR,886,San Telmo,Comuna 1,1066,C1066AAR
-58.439832,-34.582880,3 TRIMESTRE 2019,Los cuerpos ajenos,Escuela Nacional de Experimentación y Realización Cinematográfica,Cortometraje,2019-08-30,GORRITI,5857,Palermo,Comuna 14,1414,C1414BKI
-58.448824,-34.587576,3 TRIMESTRE 2019,REPEMON,Oruga Films S.A.,Cine Publicitario,2019-08-30,GUEVARA,256,Chacarita,Comuna 15,1427,C1427BRF
-58.450653,-34.591616,3 TRIMESTRE 2019,ANDES,Landia S.R.L.,Cine Publicitario,2019-08-30,"ARENAL, CONCEPCION",4220,Chacarita,Comuna 15,1427,C1427EKR
-58.442823,-34.587151,3 TRIMESTRE 2019,ANDES,Landia S.R.L.,Cine Publicitario,2019-08-30,CASTILLO,1545,Chacarita,Comuna 15,1414,C1414AXG
-58.440989,-34.589465,3 TRIMESTRE 2019,ANDES,Landia S.R.L.,Cine Publicitario,2019-08-30,HUMBOLDT,1133,Chacarita,Comuna 15,1414,C1414CTE
-58.443021,-34.625271,3 TRIMESTRE 2019,Corazón Loco,Patagonik Film Group S.A.,Largometraje Nacional,2019-08-30,VALLE,1088,Caballito,Comuna 6,1424,C1424BVV
-58.386335,-34.601691,3 TRIMESTRE 2019,"FAMILIA, Agravado por el vinculo",Magoya Films S.A.,Largometraje con I.N.C.A.A.,2019-08-30,TUCUMAN,1360,San Nicolas,Comuna 1,1050,C1050AAB
-58.383953,-34.601971,3 TRIMESTRE 2019,NEW YEAR BLUES,M&S Producción S.R.L.,Largometraje,2019-08-30,LIBERTAD,502,San Nicolas,Comuna 1,1012,C1012AAL
-58.409490,-34.650763,3 TRIMESTRE 2019,El Perro no Calla,Oh My Gómez S.A.,Largometraje con I.N.C.A.A.,2019-08-30,TRAFUL,3500,Nueva Pompeya,Comuna 4,1437,C1437HMD
-58.409404,-34.651105,3 TRIMESTRE 2019,El Perro no Calla,Oh My Gómez S.A.,Largometraje con I.N.C.A.A.,2019-08-30,"TABORDA, DIOGENES",1030,Nueva Pompeya,Comuna 4,1437,C1437EGD
-58.371326,-34.622774,3 TRIMESTRE 2019,FERMIN,Fundación del Cine,Estudiantes,2019-08-30,DEFENSA,1281,San Telmo,Comuna 1,1143,C1143AAA
-58.374268,-34.597998,3 TRIMESTRE 2019,CAPTURE,Landia S.R.L.,Cine Publicitario,2019-08-30,SAN MARTIN,850,Retiro,Comuna 1,1004,C1004AAR
-58.369935,-34.584558,3 TRIMESTRE 2019,CAPTURE,Landia S.R.L.,Cine Publicitario,2019-08-30,ZANNI PEDRO COMODORO,210,Retiro,Comuna 1,1104,C1104AXF
-58.404694,-34.649194,3 TRIMESTRE 2019,UN MOVIMIENTO EXTRAÑO,Fundación del Cine,Estudiantes,2019-08-31,IGUAZU,991,Nueva Pompeya,Comuna 4,1437,C1437EUA
-58.403448,-34.575072,3 TRIMESTRE 2019,CAPTURE,Landia S.R.L.,Cine Publicitario,2019-08-31,"SALGUERO, JERONIMO",3245,Palermo,Comuna 14,1425,C1425DFD
-58.370766,-34.601912,3 TRIMESTRE 2019,CAPTURE,Landia S.R.L.,Cine Publicitario,2019-08-31,LAVALLE,240,San Nicolas,Comuna 1,1047,C1047AAF
-58.397407,-34.613558,3 TRIMESTRE 2019,Los cuerpos ajenos,Escuela Nacional de Experimentación y Realización Cinematográfica,Cortometraje,2019-09-01,PASCO,320,Balvanera,Comuna 3,1081,C1081AAH
-58.473406,-34.583776,3 TRIMESTRE 2019,Entre Hombres,Pol-ka Producciones S.A.,Programa Televisivo,2019-09-02,LLERENA,2437,Parque Chas,Comuna 15,1427,C1427DEA
-58.360255,-34.613724,3 TRIMESTRE 2019,Tu parte del Trato,Pol-ka Producciones S.A.,Programa Televisivo,2019-09-02,LANTERI JULIETA,1401,Puerto Madero,Comuna 1,,
-58.463521,-34.541852,3 TRIMESTRE 2019,El mal soltero,Pensa y Rocca Producciones S.R.L.,Largometraje con I.N.C.A.A.,2019-09-02,"RIVADAVIA MARTIN, COMODORO",1651,Nu\u00f1ez,Comuna 13,1429,C1429DBF
-58.418346,-34.571822,3 TRIMESTRE 2019,BIA,Pegsa Group S.A.,Programa Televisivo,2019-09-02,"MONTT, PEDRO, PRES. AV.",3700,Palermo,Comuna 14,,
-58.412833,-34.570100,3 TRIMESTRE 2019,Corazón Loco,Patagonik Film Group S.A.,Largometraje Nacional,2019-09-02,"ROLDAN, BELISARIO AV.",4200,Palermo,Comuna 14,,
-58.462084,-34.573111,3 TRIMESTRE 2019,Corazón Loco,Patagonik Film Group S.A.,Largometraje Nacional,2019-09-02,SUPERI,1552,Belgrano,Comuna 13,1426,C1426BAJ
-58.360255,-34.613724,3 TRIMESTRE 2019,Tu parte del Trato,Pol-ka Producciones S.A.,Programa Televisivo,2019-09-03,LANTERI JULIETA,1401,Puerto Madero,Comuna 1,,
-58.437304,-34.578155,3 TRIMESTRE 2019,Corazón Loco,Patagonik Film Group S.A.,Largometraje Nacional,2019-09-03,AREVALO,2032,Palermo,Comuna 14,1414,C1414CQP
-58.382882,-34.603156,3 TRIMESTRE 2019,UN MOVIMIENTO EXTRAÑO,Fundación del Cine,Estudiantes,2019-09-03,"SAENZ PEÑA, ROQUE, PRES. DIAGONAL NORTE AV.",1150,San Nicolas,Comuna 1,1035,C1035AAT
-58.518560,-34.631863,3 TRIMESTRE 2019,LA CORAZONADA,Esta por Venir S.R.L.,Largometraje Nacional,2019-09-03,OPORTO,6245,Versalles,Comuna 10,1408,C1408CEC
-58.371534,-34.611306,3 TRIMESTRE 2019,NEW YEAR BLUES,M&S Producción S.R.L.,Largometraje,2019-09-03,MORENO,364,Monserrat,Comuna 1,1091,C1091AAH
-58.473406,-34.583776,3 TRIMESTRE 2019,Entre Hombres,Pol-ka Producciones S.A.,Programa Televisivo,2019-09-04,LLERENA,2437,Parque Chas,Comuna 15,1427,C1427DEA
-58.361398,-34.612003,3 TRIMESTRE 2019,Tu parte del Trato,Pol-ka Producciones S.A.,Programa Televisivo,2019-09-04,"VILLAFLOR, AZUCENA",501,Puerto Madero,Comuna 1,1107,C1107CIK
-58.405968,-34.643073,3 TRIMESTRE 2019,LA CORAZONADA,Esta por Venir S.R.L.,Largometraje Nacional,2019-09-04,IGUAZU,461,Parque Patricios,Comuna 4,1437,C1437ETE
-58.388621,-34.587006,3 TRIMESTRE 2019,"FAMILIA, Agravado por el vinculo",Magoya Films S.A.,Largometraje con I.N.C.A.A.,2019-09-04,AYACUCHO,2074,Recoleta,Comuna 2,1112,C1112AAL
-58.430477,-34.589798,3 TRIMESTRE 2019,NEW YEAR BLUES,M&S Producción S.R.L.,Largometraje,2019-09-04,GORRITI,4929,Palermo,Comuna 14,1414,C1414BJO
-58.406501,-34.578722,3 TRIMESTRE 2019,Corazón Loco,Patagonik Film Group S.A.,Largometraje Nacional,2019-09-04,DEL LIBERTADOR AV.,2589,Palermo,Comuna 14,1425,C1425AAL
-58.360303,-34.616000,3 TRIMESTRE 2019,Corazón Loco,Patagonik Film Group S.A.,Largometraje Nacional,2019-09-04,LANTERI JULIETA,1600,Puerto Madero,Comuna 1,,
-58.394220,-34.595904,3 TRIMESTRE 2019,NEW YEAR BLUES,M&S Producción S.R.L.,Largometraje,2019-09-04,SANTA FE AV.,1860,Recoleta,Comuna 2,1123,C1123AAN
-58.385438,-34.607285,3 TRIMESTRE 2019,Práctica de Foto 3°,Escuela Nacional de Experimentación y Realización Cinematográfica,Estudiantes,2019-09-04,"RIVAROLA, RODOLFO, DR.",120,San Nicolas,Comuna 1,1015,C1015AAB
-58.421885,-34.600532,3 TRIMESTRE 2019,Entre Hombres,Pol-ka Producciones S.A.,Programa Televisivo,2019-09-05,GUARDIA VIEJA,4085,Almagro,Comuna 5,1192,C1192AAO
-58.360869,-34.613397,3 TRIMESTRE 2019,Tu parte del Trato,Pol-ka Producciones S.A.,Programa Televisivo,2019-09-05,SALOTTI MARTHA,540,Puerto Madero,Comuna 1,1107,C1107BOA
-58.405968,-34.643073,3 TRIMESTRE 2019,LA CORAZONADA,Esta por Venir S.R.L.,Largometraje Nacional,2019-09-05,IGUAZU,461,Parque Patricios,Comuna 4,1437,C1437ETE
-58.466775,-34.584706,3 TRIMESTRE 2019,Corazón Loco,Patagonik Film Group S.A.,Largometraje Nacional,2019-09-05,TRONADOR,671,Villa Ortuzar,Comuna 15,1427,C1427CRM
-58.473953,-34.583910,3 TRIMESTRE 2019,Corazón Loco,Patagonik Film Group S.A.,Largometraje Nacional,2019-09-05,TORRENT,1223,Parque Chas,Comuna 15,1427,C1427AVC
-58.430751,-34.591661,3 TRIMESTRE 2019,"FAMILIA, Agravado por el vinculo",Magoya Films S.A.,Largometraje con I.N.C.A.A.,2019-09-05,ARMENIA,1366,Palermo,Comuna 14,1414,C1414DKD
-58.413046,-34.605062,3 TRIMESTRE 2019,GARNIER,Compañía Argentina De Películas S.R.L.,Cine Publicitario,2019-09-05,"GOMEZ, VALENTIN",3381,Balvanera,Comuna 3,1191,C1191AAK
-58.362448,-34.612082,3 TRIMESTRE 2019,ANIME,Catalina Dandreiz,Fotografia,2019-09-05,"VILLAFLOR, AZUCENA",401,Puerto Madero,Comuna 1,1107,
-58.412833,-34.570100,3 TRIMESTRE 2019,NATGEO,Tip Top Films S.R.L.,Cine Publicitario,2019-09-05,"ROLDAN, BELISARIO AV.",4200,Palermo,Comuna 14,,
-58.435884,-34.591823,3 TRIMESTRE 2019,MOVISTAR PLAY,LADOBLEA S.A.,Cine Publicitario,2019-09-05,JUFRE,825,Villa Crespo,Comuna 15,1414,C1414AYQ
-58.443113,-34.562147,3 TRIMESTRE 2019,MOVISTAR PLAY,LADOBLEA S.A.,Cine Publicitario,2019-09-05,DEL LIBERTADOR AV.,5414,Belgrano,Comuna 13,1426,C1426BXP
-58.413936,-34.566550,3 TRIMESTRE 2019,ANIME,Catalina Dandreiz,Fotografia,2019-09-05,"ROLDAN, BELISARIO AV.",4601,Palermo,Comuna 14,,
-58.462084,-34.573111,3 TRIMESTRE 2019,Corazón Loco,Patagonik Film Group S.A.,Largometraje Nacional,2019-09-05,SUPERI,1552,Belgrano,Comuna 13,1426,C1426BAJ
-58.483160,-34.588758,3 TRIMESTRE 2019,El Perro no Calla,Oh My Gómez S.A.,Largometraje con I.N.C.A.A.,2019-09-05,MOSCU,5421,Parque Chas,Comuna 15,1427,C1427DKI
-58.477697,-34.582457,3 TRIMESTRE 2019,El Perro no Calla,Oh My Gómez S.A.,Largometraje con I.N.C.A.A.,2019-09-05,MARSELLA,2534,Parque Chas,Comuna 15,1431,C1431DGD
-58.355827,-34.629067,3 TRIMESTRE 2019,CAPTURE,Landia S.R.L.,Cine Publicitario,2019-09-05,DON PEDRO DE MENDOZA AV.,645,Boca,Comuna 4,1156,C1156ACG
-58.394685,-34.629962,3 TRIMESTRE 2019,CAPTURE,Landia S.R.L.,Cine Publicitario,2019-09-05,BRASIL,2125,Parque Patricios,Comuna 4,1260,C1260AAD
-58.395557,-34.583528,3 TRIMESTRE 2019,CAPTURE,Landia S.R.L.,Cine Publicitario,2019-09-05,DEL LIBERTADOR AV.,1580,Recoleta,Comuna 2,1425,C1425AAO
-58.456003,-34.610286,3 TRIMESTRE 2019,Alma,Escuela Nacional de Experimentación y Realización Cinematográfica,Estudiantes,2019-09-05,FRAGATA PRES. SARMIENTO,1244,Caballito,Comuna 6,1416,C1416CBD
-58.420226,-34.569974,3 TRIMESTRE 2019,NATGEO,Tip Top Films S.R.L.,Cine Publicitario,2019-09-05,"ISABEL, INFANTA AV.",1000,Palermo,Comuna 14,1425,C1425CHA
-58.373037,-34.618942,3 TRIMESTRE 2019,MOVISTAR PLAY,LADOBLEA S.A.,Cine Publicitario,2019-09-05,BOLIVAR,945,San Telmo,Comuna 1,1066,C1066AAS
-58.384286,-34.614435,3 TRIMESTRE 2019,MOVISTAR PLAY,LADOBLEA S.A.,Cine Publicitario,2019-09-05,REPUBLICA BOLIVARIANA DE VENEZUELA,1285,Monserrat,Comuna 1,1095,C1095AAY
-58.382572,-34.603102,3 TRIMESTRE 2019,NATGEO,Tip Top Films S.R.L.,Cine Publicitario,2019-09-05,"SAENZ PEÑA, ROQUE, PRES. DIAGONAL NORTE AV.",1135,San Nicolas,Comuna 1,1035,C1035AAG
-58.431237,-34.590051,3 TRIMESTRE 2019,PASAJES,Fundación del Cine,Estudiantes,2019-09-05,"CABRER, CNEL.",4950,Palermo,Comuna 14,1414,C1414BIB
-58.370622,-34.618475,3 TRIMESTRE 2019,MOVISTAR PLAY,LADOBLEA S.A.,Cine Publicitario,2019-09-05,ESTADOS UNIDOS,340,San Telmo,Comuna 1,1101,C1101AAH
-58.454323,-34.612460,3 TRIMESTRE 2019,Entre Hombres,Pol-ka Producciones S.A.,Programa Televisivo,2019-09-06,FRAGATA PRES. SARMIENTO,1023,Caballito,Comuna 6,1405,C1405APM
-58.473406,-34.583776,3 TRIMESTRE 2019,Entre Hombres,Pol-ka Producciones S.A.,Programa Televisivo,2019-09-06,LLERENA,2437,Parque Chas,Comuna 15,1427,C1427DEA
-58.465519,-34.582843,3 TRIMESTRE 2019,Corazón Loco,Patagonik Film Group S.A.,Largometraje Nacional,2019-09-06,FRAGA,1550,Villa Ortuzar,Comuna 15,1427,C1427BUF
-58.429716,-34.587057,3 TRIMESTRE 2019,NEW YEAR BLUES,M&S Producción S.R.L.,Largometraje,2019-09-06,THAMES,1750,Palermo,Comuna 14,1414,C1414DDJ
-58.435992,-34.585320,3 TRIMESTRE 2019,El mal soltero,Pensa y Rocca Producciones S.R.L.,Largometraje con I.N.C.A.A.,2019-09-06,HUMBOLDT,1636,Palermo,Comuna 14,1414,C1414CTP
-58.383259,-34.596797,3 TRIMESTRE 2019,FREACK,Puenzo Hnos. S.A.,Video Clip,2019-09-06,"ALVEAR, MARCELO T. DE",1125,Retiro,Comuna 1,1058,C1058AAQ
-58.382194,-34.604907,3 TRIMESTRE 2019,FREACK,Puenzo Hnos. S.A.,Video Clip,2019-09-06,CERRITO,302,San Nicolas,Comuna 1,1010,C1010AAH
-58.445206,-34.577325,3 TRIMESTRE 2019,AL TERCER DIA,Furia Films S.R.L.,Largometraje con I.N.C.A.A.,2019-09-06,ZAPIOLA,351,Colegiales,Comuna 13,1426,C1426ATG
-58.412833,-34.570100,3 TRIMESTRE 2019,NATGEO,Tip Top Films S.R.L.,Cine Publicitario,2019-09-06,"ROLDAN, BELISARIO AV.",4200,Palermo,Comuna 14,,
-58.442823,-34.587151,3 TRIMESTRE 2019,MOVISTAR PLAY,LADOBLEA S.A.,Cine Publicitario,2019-09-06,CASTILLO,1545,Chacarita,Comuna 15,1414,C1414AXG
-58.465095,-34.678705,3 TRIMESTRE 2019,LA CORAZONADA,Esta por Venir S.R.L.,Largometraje Nacional,2019-09-06,18 DE OCTUBRE DE 1908,4501,Villa Lugano,Comuna 8,,
-58.380887,-34.591566,3 TRIMESTRE 2019,manual de supervivencia,Magma Cine S.R.L.,Programa Televisivo,2019-09-06,ARROYO,950,Retiro,Comuna 1,1007,C1007AAD
-58.376113,-34.593782,3 TRIMESTRE 2019,manual de supervivencia,Magma Cine S.R.L.,Programa Televisivo,2019-09-06,CRUCERO GRAL. BELGRANO,1250,Retiro,Comuna 1,,
-58.420226,-34.569974,3 TRIMESTRE 2019,NATGEO,Tip Top Films S.R.L.,Cine Publicitario,2019-09-06,"ISABEL, INFANTA AV.",1000,Palermo,Comuna 14,1425,C1425CHA
-58.382572,-34.603102,3 TRIMESTRE 2019,NATGEO,Tip Top Films S.R.L.,Cine Publicitario,2019-09-06,"SAENZ PEÑA, ROQUE, PRES. DIAGONAL NORTE AV.",1135,San Nicolas,Comuna 1,1035,C1035AAG
-58.436408,-34.594926,3 TRIMESTRE 2019,MOVISTAR PLAY,LADOBLEA S.A.,Cine Publicitario,2019-09-06,LOYOLA,625,Villa Crespo,Comuna 15,1414,C1414AUM
-58.372408,-34.597853,3 TRIMESTRE 2019,MOVISTAR PLAY,LADOBLEA S.A.,Cine Publicitario,2019-09-06,TRES SARGENTOS,350,Retiro,Comuna 1,1054,C1054ABB
-58.428221,-34.588017,3 TRIMESTRE 2019,PASAJES,Fundación del Cine,Estudiantes,2019-09-06,RUSSEL,4950,Palermo,Comuna 14,1414,C1414BRB
-58.369444,-34.600476,3 TRIMESTRE 2019,TORO PODEROSO,Pantera & Co SAS,Cine Publicitario,2019-09-07,TUCUMAN,101,San Nicolas,Comuna 1,1049,C1049AAC
-58.376585,-34.647656,3 TRIMESTRE 2019,TORO PODEROSO,Pantera & Co SAS,Cine Publicitario,2019-09-07,CALIFORNIA,2082,Barracas,Comuna 4,1289,C1289AAP
-58.490846,-34.627273,3 TRIMESTRE 2019,TORO PODEROSO,Pantera & Co SAS,Cine Publicitario,2019-09-07,SEGUROLA AV.,868,Velez Sarsfield,Comuna 10,1407,C1407ANR
-58.469748,-34.585111,3 TRIMESTRE 2019,BENEDICTINO,Landia S.R.L.,Cine Publicitario,2019-09-07,CHORROARIN AV.,1002,Villa Ortuzar,Comuna 15,1427,C1427CXU
-58.361255,-34.613803,3 TRIMESTRE 2019,CAPTURE,Landia S.R.L.,Cine Publicitario,2019-09-07,"PAINE, AIME",1420,Puerto Madero,Comuna 1,1107,C1107CFH
-58.376726,-34.612185,3 TRIMESTRE 2019,CAPTURE,Landia S.R.L.,Cine Publicitario,2019-09-07,"ROCA, JULIO A., PRESIDENTE DIAGONAL SUR AV.",760,Monserrat,Comuna 1,1067,C1067ABP
-58.363359,-34.603986,3 TRIMESTRE 2019,CAPTURE,Landia S.R.L.,Cine Publicitario,2019-09-07,MANSO JUANA,580,Puerto Madero,Comuna 1,1107,C1107CBL
-58.385562,-34.609335,3 TRIMESTRE 2019,manual de supervivencia,Magma Cine S.R.L.,Programa Televisivo,2019-09-07,DE MAYO AV.,1351,Monserrat,Comuna 1,1085,C1085ABD
-58.382572,-34.603102,3 TRIMESTRE 2019,NATGEO,Tip Top Films S.R.L.,Cine Publicitario,2019-09-07,"SAENZ PEÑA, ROQUE, PRES. DIAGONAL NORTE AV.",1135,San Nicolas,Comuna 1,1035,C1035AAG
-58.370671,-34.601814,3 TRIMESTRE 2019,TORO PODEROSO,Pantera & Co SAS,Cine Publicitario,2019-09-07,"ALEM, LEANDRO N. AV.",502,San Nicolas,Comuna 1,1001,C1001AAN
-58.417191,-34.602248,3 TRIMESTRE 2019,manual de supervivencia,Magma Cine S.R.L.,Programa Televisivo,2019-09-08,HUMAHUACA,3751,Almagro,Comuna 5,1191,C1191ABI
-58.419508,-34.634483,3 TRIMESTRE 2019,Cada vez que volvia del lago,Universidad Nacional de las Artes,Estudiantes,2019-09-08,SALCEDO,3902,Boedo,Comuna 5,1259,C1259ACB
-58.396262,-34.584531,3 TRIMESTRE 2019,Amigas,Escine S.A.,Cortometraje,2019-09-08,ARJONILLA,2301,Recoleta,Comuna 2,1425,C1425ALA
-58.404935,-34.630276,3 TRIMESTRE 2019,A$AP,Universidad Nacional de las Artes,Estudiantes,2019-09-08,DEAN FUNES,1700,Parque Patricios,Comuna 4,1244,C1244AAJ
-58.429213,-34.588703,3 TRIMESTRE 2019,PASAJES,Fundación del Cine,Estudiantes,2019-09-08,SANTA ROSA,4950,Palermo,Comuna 14,1414,C1414BOB
-58.404264,-34.581072,3 TRIMESTRE 2019,Entre Hombres,Pol-ka Producciones S.A.,Programa Televisivo,2019-09-09,DEL LIBERTADOR AV.,2250,Palermo,Comuna 14,1425,C1425AAV
-58.385525,-34.586940,3 TRIMESTRE 2019,Entre Hombres,Pol-ka Producciones S.A.,Programa Televisivo,2019-09-09,DEL LIBERTADOR AV.,950,Recoleta,Comuna 2,1001,C1001ABW
-58.359526,-34.613133,3 TRIMESTRE 2019,Tu parte del Trato,Pol-ka Producciones S.A.,Programa Televisivo,2019-09-09,LANTERI JULIETA,1301,Puerto Madero,Comuna 1,,
-58.361702,-34.617385,3 TRIMESTRE 2019,Bagovit Pro Bio,Pharmacore S.A.,Cine Publicitario,2019-09-09,MANSO JUANA,1700,Puerto Madero,Comuna 1,1107,C1107CHH
-58.361154,-34.614739,3 TRIMESTRE 2019,Bagovit Pro Bio,Pharmacore S.A.,Cine Publicitario,2019-09-09,"PAINE, AIME",1480,Puerto Madero,Comuna 1,1107,C1107CFH
-58.476394,-34.679397,3 TRIMESTRE 2019,Entre Hombres,Pol-ka Producciones S.A.,Programa Televisivo,2019-09-09,SAYOS,5960,Villa Lugano,Comuna 8,1439,C1439CAZ
-58.448799,-34.547827,3 TRIMESTRE 2019,Corazón Loco,Patagonik Film Group S.A.,Largometraje Nacional,2019-09-09,"BAVIO, ERNESTO A.",2935,Belgrano,Comuna 13,1428,C1428CDI
-58.428221,-34.588017,3 TRIMESTRE 2019,PASAJES,Fundación del Cine,Estudiantes,2019-09-09,RUSSEL,4950,Palermo,Comuna 14,1414,C1414BRB
-58.407069,-34.577208,3 TRIMESTRE 2019,LEVITE,Primo Contents S.R.L.,Cine Publicitario,2019-09-09,CAVIA,3000,Palermo,Comuna 14,1425,C1425DDB
-58.369551,-34.603023,3 TRIMESTRE 2019,PREMIOS MAESTROS ARGENTINOS 2019,Radio y Televisión Argentina S.E.,Programa Televisivo,2019-09-09,CORRIENTES AV.,120,San Nicolas,Comuna 1,1043,C1043AAO
-58.358606,-34.611640,3 TRIMESTRE 2019,Tu parte del Trato,Pol-ka Producciones S.A.,Programa Televisivo,2019-09-10,"ACHAVAL RODRIGUEZ, T., DR. AV.",1123,Puerto Madero,Comuna 1,1107,C1107ACA
-58.434094,-34.586639,3 TRIMESTRE 2019,PASAJES,Fundación del Cine,Estudiantes,2019-09-10,ATACALCO,1750,Palermo,Comuna 14,1414,C1414EIB
-58.488036,-34.545253,3 TRIMESTRE 2019,10 Años Menos,More Televisión S.A.,Programa Televisivo,2019-09-10,VEDIA,3700,Saavedra,Comuna 12,1430,C1430DAH
-58.404262,-34.605642,3 TRIMESTRE 2019,Maniquí,Escuela Nacional de Experimentación y Realización Cinematográfica,Estudiantes,2019-09-10,"GOMEZ, VALENTIN",2670,Balvanera,Comuna 3,1046,C1046ABB
-58.406222,-34.603226,3 TRIMESTRE 2019,Maniquí,Escuela Nacional de Experimentación y Realización Cinematográfica,Estudiantes,2019-09-10,LAVALLE,2800,Balvanera,Comuna 3,1190,C1190AAB
-58.358807,-34.612615,3 TRIMESTRE 2019,Tu parte del Trato,Pol-ka Producciones S.A.,Programa Televisivo,2019-09-10,LANTERI JULIETA,1201,Puerto Madero,Comuna 1,,
-58.404594,-34.606202,3 TRIMESTRE 2019,Maniquí,Escuela Nacional de Experimentación y Realización Cinematográfica,Estudiantes,2019-09-10,CASTELLI,307,Balvanera,Comuna 3,1032,C1032AAC
-58.482747,-34.585488,3 TRIMESTRE 2019,TROPICO,Zoelle S.R.L.,Largometraje,2019-09-11,BARZANA,1515,Parque Chas,Comuna 15,1431,C1431EAC
-58.386196,-34.648206,3 TRIMESTRE 2019,Tu parte del Trato,Pol-ka Producciones S.A.,Programa Televisivo,2019-09-11,PERDRIEL,1201,Barracas,Comuna 4,1279,C1279AHE
-58.448799,-34.547827,3 TRIMESTRE 2019,Corazón Loco,Patagonik Film Group S.A.,Largometraje Nacional,2019-09-11,"BAVIO, ERNESTO A.",2935,Belgrano,Comuna 13,1428,C1428CDI
-58.429186,-34.587358,3 TRIMESTRE 2019,PASAJES,Fundación del Cine,Estudiantes,2019-09-11,RUSSEL,5050,Palermo,Comuna 14,1414,C1414BRD
-58.445206,-34.577325,3 TRIMESTRE 2019,AL TERCER DIA,Furia Films S.R.L.,Largometraje con I.N.C.A.A.,2019-09-12,ZAPIOLA,351,Colegiales,Comuna 13,1426,C1426ATG
-58.387539,-34.616272,3 TRIMESTRE 2019,Maniquí,Escuela Nacional de Experimentación y Realización Cinematográfica,Estudiantes,2019-09-12,"SAENZ PEÑA, LUIS, PRES.",663,Monserrat,Comuna 1,1110,C1110AAM
-58.399582,-34.603720,3 TRIMESTRE 2019,Maniquí,Escuela Nacional de Experimentación y Realización Cinematográfica,Estudiantes,2019-09-12,PASTEUR,468,Balvanera,Comuna 3,1028,C1028AAJ
-58.467953,-34.569831,3 TRIMESTRE 2019,Fanta Haloween,Landia S.R.L.,Cine Publicitario,2019-09-12,"MARTINEZ, ENRIQUE, GRAL.",2037,Belgrano,Comuna 13,1430,C1430EWE
-58.397084,-34.625683,3 TRIMESTRE 2019,Entre Hombres,Pol-ka Producciones S.A.,Programa Televisivo,2019-09-12,CONSTITUCION,2299,San Cristobal,Comuna 3,1254,C1254AAI
-58.386196,-34.648206,3 TRIMESTRE 2019,Tu parte del Trato,Pol-ka Producciones S.A.,Programa Televisivo,2019-09-12,PERDRIEL,1201,Barracas,Comuna 4,1279,C1279AHE
-58.444436,-34.586023,3 TRIMESTRE 2019,HERO,48M2 S.A.,Cine Publicitario,2019-09-12,CASTILLO,1709,Chacarita,Comuna 15,1414,C1414AXK
-58.448799,-34.547827,3 TRIMESTRE 2019,Corazón Loco,Patagonik Film Group S.A.,Largometraje Nacional,2019-09-13,"BAVIO, ERNESTO A.",2935,Belgrano,Comuna 13,1428,C1428CDI
-58.435552,-34.588563,3 TRIMESTRE 2019,HERO,48M2 S.A.,Cine Publicitario,2019-09-13,GODOY CRUZ,1547,Palermo,Comuna 14,1414,C1414CYG
-58.446146,-34.579838,3 TRIMESTRE 2019,HERO,48M2 S.A.,Cine Publicitario,2019-09-13,CONDE,218,Colegiales,Comuna 13,1426,C1426AYF
-58.405996,-34.642937,3 TRIMESTRE 2019,LA CORAZONADA,Esta por Venir S.R.L.,Largometraje Nacional,2019-09-13,IGUAZU,451,Parque Patricios,Comuna 4,1437,C1437ETE
-58.448246,-34.590964,3 TRIMESTRE 2019,TROPICO,Zoelle S.R.L.,Largometraje,2019-09-13,CORRIENTES AV.,6271,Chacarita,Comuna 15,1427,C1427BPA
-58.406222,-34.603226,3 TRIMESTRE 2019,Maniquí,Escuela Nacional de Experimentación y Realización Cinematográfica,Estudiantes,2019-09-14,LAVALLE,2800,Balvanera,Comuna 3,1190,C1190AAB
-58.471866,-34.537840,3 TRIMESTRE 2019,Chevrolet S10 Joy,TresPlanos Cine S.A.,Cine Publicitario,2019-09-14,"PAZ, GRAL. AV.",770,Nu\u00f1ez,Comuna 13,1429,C1429ELU
-58.393255,-34.583032,3 TRIMESTRE 2019,LOS PASEOS,Fundación del Cine,Estudiantes,2019-09-14,"FIGUEROA ALCORTA, PRES. AV.",2250,Recoleta,Comuna 2,1425,C1425CKO
-58.438568,-34.563468,3 TRIMESTRE 2019,Chevrolet S10 Joy,TresPlanos Cine S.A.,Cine Publicitario,2019-09-14,"LACROZE, FEDERICO",1660,Palermo,Comuna 14,1426,C1426CPO
-58.357860,-34.628675,3 TRIMESTRE 2019,Chevrolet S10 Joy,TresPlanos Cine S.A.,Cine Publicitario,2019-09-14,"PEREZ GALDOS, BENITO AV.",61,Boca,Comuna 4,1155,C1155AGA
-58.373306,-34.603282,3 TRIMESTRE 2019,Chevrolet S10 Joy,TresPlanos Cine S.A.,Cine Publicitario,2019-09-14,CORRIENTES AV.,446,San Nicolas,Comuna 1,1043,C1043AAR
-58.361965,-34.610607,3 TRIMESTRE 2019,Chevrolet S10 Joy,TresPlanos Cine S.A.,Cine Publicitario,2019-09-14,"PAINE, AIME",1130,Puerto Madero,Comuna 1,1107,C1107CFB
-58.360918,-34.616061,3 TRIMESTRE 2019,Chevrolet S10 Joy,TresPlanos Cine S.A.,Cine Publicitario,2019-09-14,"EZCURRA, ENCARNACION",520,Puerto Madero,Comuna 1,1107,C1107BUA
-58.388580,-34.587950,3 TRIMESTRE 2019,Chevrolet S10 Joy,TresPlanos Cine S.A.,Cine Publicitario,2019-09-14,ALVEAR AV.,1851,Recoleta,Comuna 2,1129,C1129AAA
-58.381301,-34.633373,3 TRIMESTRE 2019,Chevrolet S10 Joy,TresPlanos Cine S.A.,Cine Publicitario,2019-09-14,PARACAS,195,Barracas,Comuna 4,1275,C1275AFC
-58.383780,-34.602028,3 TRIMESTRE 2019,Chevrolet S10 Joy,TresPlanos Cine S.A.,Cine Publicitario,2019-09-14,LIBERTAD,555,San Nicolas,Comuna 1,1012,C1012AAK
-58.375112,-34.595775,3 TRIMESTRE 2019,Chevrolet S10 Joy,TresPlanos Cine S.A.,Cine Publicitario,2019-09-14,FLORIDA,1001,Retiro,Comuna 1,1005,C1005AAU
-58.380257,-34.592813,3 TRIMESTRE 2019,Chevrolet S10 Joy,TresPlanos Cine S.A.,Cine Publicitario,2019-09-14,JUNCAL,903,Retiro,Comuna 1,1062,C1062ABG
-58.364015,-34.599187,3 TRIMESTRE 2019,Chevrolet S10 Joy,TresPlanos Cine S.A.,Cine Publicitario,2019-09-14,MANSO JUANA,124,Puerto Madero,Comuna 1,1107,C1107CBD
-58.429023,-34.586600,3 TRIMESTRE 2019,Corazón Loco,Patagonik Film Group S.A.,Largometraje Nacional,2019-09-15,THAMES,1810,Palermo,Comuna 14,1414,C1414DDL
-58.462955,-34.579632,3 TRIMESTRE 2019,LOKIBAMBI,Fundación del Cine,Estudiantes,2019-09-15,GIRIBONE,1470,Villa Ortuzar,Comuna 15,1427,C1427CAV
-58.459180,-34.576946,3 TRIMESTRE 2019,LOKIBAMBI,Fundación del Cine,Estudiantes,2019-09-15,DELGADO,1251,Colegiales,Comuna 13,1426,C1426BDS
-58.407629,-34.574493,3 TRIMESTRE 2019,LEVITE,Primo Audiovisual S.R.L.,Cine Publicitario,2019-09-15,"FIGUEROA ALCORTA, PRES. AV.",3801,Palermo,Comuna 14,1425,C1425CLE
-58.505057,-34.565895,3 TRIMESTRE 2019,Fanta Haloween,Landia S.R.L.,Cine Publicitario,2019-09-15,AIZPURUA,3709,Saavedra,Comuna 12,1431,C1431ESA
-58.395922,-34.581761,3 TRIMESTRE 2019,Usuaria,Universidad Nacional de las Artes,Estudiantes,2019-09-15,"FIGUEROA ALCORTA, PRES. AV.",2800,Recoleta,Comuna 2,1425,C1425CKT
-58.465334,-34.629965,3 TRIMESTRE 2019,SECH,Fundación del Cine,Estudiantes,2019-09-15,VARELA,18,Flores,Comuna 7,1406,C1406EKB
-58.414644,-34.575375,3 TRIMESTRE 2019,LOS PASEOS,Fundación del Cine,Estudiantes,2019-09-16,DEL LIBERTADOR AV.,3350,Palermo,Comuna 14,1425,C1425ABT
-58.396999,-34.582749,3 TRIMESTRE 2019,LOS PASEOS,Fundación del Cine,Estudiantes,2019-09-16,AUSTRIA,2740,Recoleta,Comuna 2,1425,C1425EGV
-58.393255,-34.583032,3 TRIMESTRE 2019,LOS PASEOS,Fundación del Cine,Estudiantes,2019-09-16,"FIGUEROA ALCORTA, PRES. AV.",2250,Recoleta,Comuna 2,1425,C1425CKO
-58.401596,-34.578964,3 TRIMESTRE 2019,LOS PASEOS,Fundación del Cine,Estudiantes,2019-09-16,"FIGUEROA ALCORTA, PRES. AV.",3240,Palermo,Comuna 14,1425,C1425CKY
-58.382441,-34.600305,3 TRIMESTRE 2019,LEVITE,Primo Audiovisual S.R.L.,Cine Publicitario,2019-09-16,CERRITO,701,San Nicolas,Comuna 1,1010,C1010AAO
-58.473406,-34.583776,3 TRIMESTRE 2019,LEVITE,Primo Audiovisual S.R.L.,Cine Publicitario,2019-09-16,LLERENA,2437,Parque Chas,Comuna 15,1427,C1427DEA
-58.408564,-34.575591,3 TRIMESTRE 2019,LEVITE,Primo Audiovisual S.R.L.,Cine Publicitario,2019-09-16,CASARES AV.,3500,Palermo,Comuna 14,1425,C1425EWN
-58.429513,-34.573013,3 TRIMESTRE 2019,Tu parte del Trato,Pol-ka Producciones S.A.,Programa Televisivo,2019-09-16,BAEZ,98,Palermo,Comuna 14,1426,C1426BRB
-58.372009,-34.596137,3 TRIMESTRE 2019,LA CORAZONADA,Esta por Venir S.R.L.,Largometraje Nacional,2019-09-16,BUTTY,300,Retiro,Comuna 1,1001,C1001AFB
-58.379662,-34.607214,3 TRIMESTRE 2019,RAZA FUERTE,Primo Contents S.R.L.,Cine Publicitario,2019-09-16,"MITRE, BARTOLOME",910,San Nicolas,Comuna 1,1036,C1036AAR
-58.360869,-34.613397,3 TRIMESTRE 2019,Tu parte del Trato,Pol-ka Producciones S.A.,Programa Televisivo,2019-09-17,SALOTTI MARTHA,540,Puerto Madero,Comuna 1,1107,C1107BOA
-58.451594,-34.585225,3 TRIMESTRE 2019,TROPICO,Zoelle S.R.L.,Largometraje,2019-09-17,FRAGA,530,Chacarita,Comuna 15,1427,C1427BTL
-58.468387,-34.563997,3 TRIMESTRE 2019,Club La Nacion,TresPlanos Cine S.A.,Cine Publicitario,2019-09-17,CONDE,2474,Belgrano,Comuna 13,1428,C1428DBF
-58.436634,-34.552964,3 TRIMESTRE 2019,Club La Nacion,TresPlanos Cine S.A.,Cine Publicitario,2019-09-17,"SUCRE, ANTONIO JOSE DE, MCAL.",657,Belgrano,Comuna 13,1428,C1428DUA
-58.433328,-34.586432,3 TRIMESTRE 2019,LA CORAZONADA,Esta por Venir S.R.L.,Largometraje Nacional,2019-09-17,HONDURAS,5339,Palermo,Comuna 14,1414,C1414BMW
-58.393190,-34.582914,3 TRIMESTRE 2019,El mal soltero,Pensa y Rocca Producciones S.R.L.,Largometraje con I.N.C.A.A.,2019-09-17,"FIGUEROA ALCORTA, PRES. AV.",2301,Recoleta,Comuna 2,1425,C1425CKC
-58.365581,-34.619005,3 TRIMESTRE 2019,VIP pelicula,Productora Audiovisual Chroma Ruta 2 S.R.L.,Largometraje Nacional,2019-09-17,"MOREAU DE JUSTO, ALICIA AV.",1720,Puerto Madero,Comuna 1,1107,C1107AFJ
-58.386196,-34.648206,3 TRIMESTRE 2019,Tu parte del Trato,Pol-ka Producciones S.A.,Programa Televisivo,2019-09-18,PERDRIEL,1201,Barracas,Comuna 4,1279,C1279AHE
-58.386973,-34.598683,3 TRIMESTRE 2019,LA CORAZONADA,Esta por Venir S.R.L.,Largometraje Nacional,2019-09-18,URUGUAY,862,Recoleta,Comuna 2,1015,C1015ABR
-58.484691,-34.629666,3 TRIMESTRE 2019,TROPICO,Zoelle S.R.L.,Largometraje,2019-09-18,AVELLANEDA AV.,3983,Floresta,Comuna 10,1407,C1407EJG
-58.426466,-34.602544,3 TRIMESTRE 2019,LOS PASEOS,Fundación del Cine,Estudiantes,2019-09-18,CORRIENTES AV.,4365,Almagro,Comuna 5,1195,C1195AAC
-58.391578,-34.586496,3 TRIMESTRE 2019,CHANCE,Fundación del Cine,Estudiantes,2019-09-18,JUNIN,1950,Recoleta,Comuna 2,1113,C1113AAX
-58.390262,-34.588634,3 TRIMESTRE 2019,CHANCE,Fundación del Cine,Estudiantes,2019-09-18,AYACUCHO,1883,Recoleta,Comuna 2,1112,C1112AAG
-58.482334,-34.585224,3 TRIMESTRE 2019,CATRAMINA,Fundación del Cine,Estudiantes,2019-09-18,SOFIA,1550,Parque Chas,Comuna 15,1431,C1431EBB
-58.453824,-34.603481,3 TRIMESTRE 2019,BIA,Pegsa Group S.A.,Programa Televisivo,2019-09-19,"REPETTO, NICOLAS, DR.",1720,Villa Crespo,Comuna 15,1416,C1416CLN
-58.386196,-34.648206,3 TRIMESTRE 2019,Tu parte del Trato,Pol-ka Producciones S.A.,Programa Televisivo,2019-09-19,PERDRIEL,1201,Barracas,Comuna 4,1279,C1279AHE
-58.448578,-34.573537,3 TRIMESTRE 2019,TROPICO,Zoelle S.R.L.,Largometraje,2019-09-19,"GARCIA, TEODORO",2847,Colegiales,Comuna 13,1426,C1426DNA
-58.386410,-34.589540,3 TRIMESTRE 2019,CHANCE,Fundación del Cine,Estudiantes,2019-09-19,ALVEAR,1650,Recoleta,Comuna 2,1014,C1014AAQ
-58.466744,-34.681740,3 TRIMESTRE 2019,MERCADO LIBRE,Rebolución S.A.,Cine Publicitario,2019-09-19,SOLDADO DE LA FRONTERA AV.,4902,Villa Lugano,Comuna 8,1439,C1439FPB
-58.371175,-34.612656,3 TRIMESTRE 2019,Práctica Fotografía 2,Escuela Nacional de Experimentación y Realización Cinematográfica,Estudiantes,2019-09-19,5 DE JULIO,450,Monserrat,Comuna 1,1064,C1064ABB
-58.386196,-34.648206,3 TRIMESTRE 2019,Tu parte del Trato,Pol-ka Producciones S.A.,Programa Televisivo,2019-09-20,PERDRIEL,1201,Barracas,Comuna 4,1279,C1279AHE
-58.513174,-34.600004,3 TRIMESTRE 2019,MERCADO LIBRE,Rebolución S.A.,Cine Publicitario,2019-09-20,"CARRIL, SALVADOR MARIA DEL AV.",4102,Villa Devoto,Comuna 11,1419,C1419HAU
-58.441398,-34.550296,3 TRIMESTRE 2019,MAL VIAJE,Fundación del Cine,Estudiantes,2019-09-20,RAMSAY,2151,Belgrano,Comuna 13,1428,C1428BAG
-58.440193,-34.550787,3 TRIMESTRE 2019,MAL VIAJE,Fundación del Cine,Estudiantes,2019-09-20,MENDOZA,750,Belgrano,Comuna 13,,
-58.481908,-34.584946,3 TRIMESTRE 2019,Perro Demonio,Rispo Films S.R.L.,Largometraje con I.N.C.A.A.,2019-09-20,ANDONAEGUI,1532,Parque Chas,Comuna 15,1431,C1431DVD
-58.381522,-34.620086,3 TRIMESTRE 2019,PIANO,Primo Contents S.R.L.,Cine Publicitario,2019-09-20,LIMA,1027,Constitucion,Comuna 1,1073,C1073AAU
-58.365581,-34.619005,3 TRIMESTRE 2019,VIP pelicula,Productora Audiovisual Chroma Ruta 2 S.R.L.,Largometraje Nacional,2019-09-20,"MOREAU DE JUSTO, ALICIA AV.",1720,Puerto Madero,Comuna 1,1107,C1107AFJ
-58.448036,-34.637806,3 TRIMESTRE 2019,PIANO,Primo Contents S.R.L.,Cine Publicitario,2019-09-20,ASAMBLEA AV.,1652,Parque Chacabuco,Comuna 7,1406,C1406HVT
-58.481446,-34.561376,3 TRIMESTRE 2019,RECREO,Fundación del Cine,Estudiantes,2019-09-21,"TAMBORINI, JOSE PASCUAL",4080,Coghlan,Comuna 12,1430,C1430ARP
-58.438382,-34.551869,3 TRIMESTRE 2019,MAL VIAJE,Fundación del Cine,Estudiantes,2019-09-21,CASTAÑEDA,2050,Belgrano,Comuna 13,1428,C1428BBF
-58.472643,-34.595021,3 TRIMESTRE 2019,ELIANA,Fundación del Cine,Estudiantes,2019-09-22,"ZABALA, JOAQUIN, DR.",2550,Paternal,Comuna 15,1427,
-58.500428,-34.591534,3 TRIMESTRE 2019,BELLANEDA,Fundación del Cine,Estudiantes,2019-09-22,"HIDALGO, BARTOLOME",3048,Villa Pueyrredon,Comuna 12,1419,C1419GXB
-58.386196,-34.648206,3 TRIMESTRE 2019,Tu parte del Trato,Pol-ka Producciones S.A.,Programa Televisivo,2019-09-23,PERDRIEL,1201,Barracas,Comuna 4,1279,C1279AHE
-58.461552,-34.578216,3 TRIMESTRE 2019,VIP pelicula,Productora Audiovisual Chroma Ruta 2 S.R.L.,Largometraje Nacional,2019-09-23,ALVAREZ THOMAS AV.,1391,Villa Ortuzar,Comuna 15,1427,C1427CDA
-58.447500,-34.589377,3 TRIMESTRE 2019,LANZAMIENTO,Rebolución S.A.,Cine Publicitario,2019-09-23,LEIVA,4001,Chacarita,Comuna 15,1427,C1427EMC
-58.418346,-34.571822,3 TRIMESTRE 2019,BIA,Pegsa Group S.A.,Programa Televisivo,2019-09-23,"MONTT, PEDRO, PRES. AV.",3700,Palermo,Comuna 14,,
-58.444154,-34.549221,3 TRIMESTRE 2019,El mal soltero,Pensa y Rocca Producciones S.R.L.,Largometraje con I.N.C.A.A.,2019-09-23,DRAGONES,2486,Belgrano,Comuna 13,1428,C1428AZN
-58.502035,-34.562040,3 TRIMESTRE 2019,INCONVIVENCIA,Kuarzo Argentina S.A.,Programa Televisivo,2019-09-23,"WILLIAMS, ALBERTO",5700,Saavedra,Comuna 12,1431,C1431BHB
-58.435466,-34.555834,3 TRIMESTRE 2019,BIA,Pegsa Group S.A.,Programa Televisivo,2019-09-24,"TORNQUIST, ERNESTO AV.",6397,Palermo,Comuna 14,1426,C1426CDA
-58.386196,-34.648206,3 TRIMESTRE 2019,Tu parte del Trato,Pol-ka Producciones S.A.,Programa Televisivo,2019-09-24,PERDRIEL,1201,Barracas,Comuna 4,1279,C1279AHE
-58.502529,-34.576084,3 TRIMESTRE 2019,AL TERCER DIA,Furia Films S.R.L.,Largometraje con I.N.C.A.A.,2019-09-24,ZAMUDIO,5501,Villa Pueyrredon,Comuna 12,1419,C1419EHK
-58.372844,-34.623188,3 TRIMESTRE 2019,Errantes,Werner Cine S.R.L.,Cortometraje,2019-09-24,COCHABAMBA,502,San Telmo,Comuna 1,1150,C1150AAH
-58.464704,-34.569907,3 TRIMESTRE 2019,Issue,Huinca Cine S.A.,Cine Publicitario,2019-09-24,SUPERI,1885,Belgrano,Comuna 13,1430,C1430FDA
-58.449520,-34.580166,3 TRIMESTRE 2019,Giro de Ases,Machaco Films S.R.L.,Largometraje con I.N.C.A.A.,2019-09-24,OLLEROS,3390,Colegiales,Comuna 13,1426,C1426CSN
-58.465596,-34.579555,3 TRIMESTRE 2019,Issue,Huinca Cine S.A.,Cine Publicitario,2019-09-24,GIRIBONE,1664,Villa Ortuzar,Comuna 15,1427,C1427CAZ
-58.410550,-34.583836,3 TRIMESTRE 2019,CONCEPTOS Y ABSTRACCIONES,Fundación del Cine,Estudiantes,2019-09-24,"SALGUERO, JERONIMO",2455,Palermo,Comuna 14,1425,C1425DEI
-58.361769,-34.616789,3 TRIMESTRE 2019,TRAILER ASTERISCO NUMERAL,Art Depot S.R.L.,Programa Televisivo,2019-09-24,MANSO JUANA,1640,Puerto Madero,Comuna 1,1107,C1107CHH
-58.466273,-34.575123,3 TRIMESTRE 2019,Issue,Huinca Cine S.A.,Cine Publicitario,2019-09-24,CARBAJAL,3711,Villa Ortuzar,Comuna 15,1430,C1430CBE
-58.416416,-34.622842,3 TRIMESTRE 2019,LOS INTERNACIONALES,Promofilm S.A.,Programa Televisivo,2019-09-24,BOEDO AV.,825,Boedo,Comuna 5,1218,C1218AAE
-58.370630,-34.653922,3 TRIMESTRE 2019,Errantes,Werner Cine S.R.L.,Cortometraje,2019-09-24,DON PEDRO DE MENDOZA AV.,3800,Barracas,Comuna 4,1294,C1294AAQ
-58.372525,-34.632359,3 TRIMESTRE 2019,Tu parte del Trato,Pol-ka Producciones S.A.,Programa Televisivo,2019-09-25,AZARA,50,Barracas,Comuna 4,1267,C1267ABB
-58.473406,-34.583776,3 TRIMESTRE 2019,Corazón Loco,Patagonik Film Group S.A.,Largometraje Nacional,2019-09-25,LLERENA,2437,Parque Chas,Comuna 15,1427,C1427DEA
-58.444154,-34.549221,3 TRIMESTRE 2019,El mal soltero,Pensa y Rocca Producciones S.R.L.,Largometraje con I.N.C.A.A.,2019-09-25,DRAGONES,2486,Belgrano,Comuna 13,1428,C1428AZN
-58.394452,-34.594637,3 TRIMESTRE 2019,AL TERCER DIA,Furia Films S.R.L.,Largometraje con I.N.C.A.A.,2019-09-25,RIOBAMBA,1201,Recoleta,Comuna 2,1116,C1116ABI
-58.455980,-34.605856,3 TRIMESTRE 2019,Giro de Ases,Machaco Films S.R.L.,Largometraje con I.N.C.A.A.,2019-09-25,ESPINOSA,1576,Caballito,Comuna 6,1416,C1416CEJ
-58.374572,-34.655482,3 TRIMESTRE 2019,Errantes,Werner Cine S.R.L.,Cortometraje,2019-09-25,VIEYTES,1900,Barracas,Comuna 4,1275,C1275AGV
-58.471135,-34.573897,3 TRIMESTRE 2019,Issue,Huinca Cine S.A.,Cine Publicitario,2019-09-25,PUENTE DEL INCA,4085,Villa Urquiza,Comuna 12,1430,C1430BZA
-58.386196,-34.648206,3 TRIMESTRE 2019,Tu parte del Trato,Pol-ka Producciones S.A.,Programa Televisivo,2019-09-25,PERDRIEL,1201,Barracas,Comuna 4,1279,C1279AHE
-58.372955,-34.597050,3 TRIMESTRE 2019,LOS INTERNACIONALES,Promofilm S.A.,Programa Televisivo,2019-09-25,RECONQUISTA,945,Retiro,Comuna 1,1003,C1003ABS
-58.394452,-34.594637,3 TRIMESTRE 2019,AL TERCER DIA,Furia Films S.R.L.,Largometraje con I.N.C.A.A.,2019-09-26,RIOBAMBA,1201,Recoleta,Comuna 2,1116,C1116ABI
-58.453082,-34.591177,3 TRIMESTRE 2019,Horacio Rodriguez Larreta,Tresbien S.R.L.,Cine Publicitario,2019-09-26,RODNEY,400,Chacarita,Comuna 15,1427,C1427BNH
-58.453139,-34.590961,3 TRIMESTRE 2019,Horacio Rodriguez Larreta,Tresbien S.R.L.,Cine Publicitario,2019-09-26,"NEWBERY, JORGE AV.",4300,Chacarita,Comuna 15,1427,C1427EGV
-58.362376,-34.614159,3 TRIMESTRE 2019,STELLA ARTOIS,LADOBLEA S.A.,Cine Publicitario,2019-09-26,MANSO JUANA,1401,Puerto Madero,Comuna 1,1107,C1107CHC
-58.391478,-34.583771,3 TRIMESTRE 2019,MAMA,Fundación del Cine,Estudiantes,2019-09-26,"FIGUEROA ALCORTA, PRES. AV.",2180,Recoleta,Comuna 2,1425,C1425CKN
-58.463784,-34.684909,3 TRIMESTRE 2019,DON CARLOS,Fundación del Cine,Estudiantes,2019-09-26,SOLDADO DE LA FRONTERA AV.,5184,Villa Lugano,Comuna 8,1439,C1439FPF
-58.465001,-34.566977,3 TRIMESTRE 2019,MAMA,Fundación del Cine,Estudiantes,2019-09-26,JURAMENTO,3288,Belgrano,Comuna 13,1428,C1428DPB
-58.467578,-34.544290,3 TRIMESTRE 2019,Mercado Libre Barreras,Landia S.R.L.,Cine Publicitario,2019-09-26,ARCOS,4034,Nu\u00f1ez,Comuna 13,1429,C1429AZZ
-58.477826,-34.562080,3 TRIMESTRE 2019,DEJA VU,Fundación del Cine,Estudiantes,2019-09-26,QUESADA,3840,Coghlan,Comuna 12,1430,C1430AXL
-58.392003,-34.607022,3 TRIMESTRE 2019,VIP pelicula,Productora Audiovisual Chroma Ruta 2 S.R.L.,Largometraje Nacional,2019-09-26,CALLAO AV.,181,San Nicolas,Comuna 1,1022,C1022AAB
-58.378410,-34.605419,3 TRIMESTRE 2019,STELLA ARTOIS,LADOBLEA S.A.,Cine Publicitario,2019-09-26,"SAENZ PEÑA, ROQUE, PRES. DIAGONAL NORTE AV.",832,San Nicolas,Comuna 1,1035,C1035AAQ
-58.467291,-34.569102,3 TRIMESTRE 2019,MAMA,Fundación del Cine,Estudiantes,2019-09-26,MELIAN AV.,2050,Belgrano,Comuna 13,1430,C1430EXF
-58.444154,-34.549221,3 TRIMESTRE 2019,El mal soltero,Pensa y Rocca Producciones S.R.L.,Largometraje con I.N.C.A.A.,2019-09-27,DRAGONES,2486,Belgrano,Comuna 13,1428,C1428AZN
-58.394452,-34.594637,3 TRIMESTRE 2019,AL TERCER DIA,Furia Films S.R.L.,Largometraje con I.N.C.A.A.,2019-09-27,RIOBAMBA,1201,Recoleta,Comuna 2,1116,C1116ABI
-58.378410,-34.605419,3 TRIMESTRE 2019,STELLA ARTOIS,LADOBLEA S.A.,Cine Publicitario,2019-09-27,"SAENZ PEÑA, ROQUE, PRES. DIAGONAL NORTE AV.",832,San Nicolas,Comuna 1,1035,C1035AAQ
-58.358617,-34.611625,3 TRIMESTRE 2019,DEJA VU,Fundación del Cine,Estudiantes,2019-09-27,"ACHAVAL RODRIGUEZ, T., DR. AV.",1121,Puerto Madero,Comuna 1,1107,C1107ACA
-58.400572,-34.609098,3 TRIMESTRE 2019,Piecidex Mazzei,Genomma Laboratories Argentina S.A.,Cine Publicitario,2019-09-27,AZCUENAGA,54,Balvanera,Comuna 3,1029,C1029AAB
-58.401284,-34.609786,3 TRIMESTRE 2019,Piecidex Mazzei,Genomma Laboratories Argentina S.A.,Cine Publicitario,2019-09-27,RIVADAVIA AV.,2451,Balvanera,Comuna 3,1034,C1034ACD
-58.369756,-34.589212,3 TRIMESTRE 2019,RENAULT X52,Landia S.R.L.,Cine Publicitario,2019-09-28,"PY, COMODORO AV.",1870,Retiro,Comuna 1,1104,
-58.358576,-34.620320,3 TRIMESTRE 2019,RENAULT X52,Landia S.R.L.,Cine Publicitario,2019-09-28,"RAWSON DE DELLEPIANE, ELVIRA AV.",625,Boca,Comuna 4,1107,C1107DBM
-58.364565,-34.599003,3 TRIMESTRE 2019,RENAULT X52,Landia S.R.L.,Cine Publicitario,2019-09-28,"SANCHEZ DE THOMPSON, MARIQUITA",340,Puerto Madero,Comuna 1,1106,C1106AGA
-58.417884,-34.583734,3 TRIMESTRE 2019,Joan,Werner Cine S.R.L.,Largometraje con I.N.C.A.A.,2019-09-28,SANTA FE AV.,3951,Palermo,Comuna 14,1425,C1425BHB
-58.374334,-34.595486,3 TRIMESTRE 2019,EL AMOR NOS NECESITA,Primo Contents S.R.L.,Cine Publicitario,2019-09-28,SAN MARTIN,1051,Retiro,Comuna 1,1004,C1004AAU
-58.357038,-34.627953,3 TRIMESTRE 2019,EL AMOR NOS NECESITA,Primo Contents S.R.L.,Cine Publicitario,2019-09-28,DON PEDRO DE MENDOZA AV.,501,Boca,Comuna 4,1156,C1156ACF
-58.372140,-34.595086,3 TRIMESTRE 2019,RENAULT X52,Landia S.R.L.,Cine Publicitario,2019-09-28,"DELLA PAOLERA, CARLOS M.",300,Retiro,Comuna 1,1001,C1001ADB
-58.462587,-34.575660,3 TRIMESTRE 2019,Corazón Loco,Patagonik Film Group S.A.,Largometraje Nacional,2019-09-29,FOREST AV.,1499,Colegiales,Comuna 13,1427,C1427CEL
-58.466775,-34.584706,3 TRIMESTRE 2019,Corazón Loco,Patagonik Film Group S.A.,Largometraje Nacional,2019-09-29,TRONADOR,671,Villa Ortuzar,Comuna 15,1427,C1427CRM
-58.465667,-34.686971,3 TRIMESTRE 2019,DON CARLOS,Fundación del Cine,Estudiantes,2019-09-29,CAFAYATE,5202,Villa Lugano,Comuna 8,1439,C1439FUZ
-58.488708,-34.596421,3 TRIMESTRE 2019,RENAULT X52,Landia S.R.L.,Cine Publicitario,2019-09-29,TINOGASTA,2620,Agronomia,Comuna 15,1417,C1417EHF
-58.353744,-34.631574,3 TRIMESTRE 2019,RENAULT X52,Landia S.R.L.,Cine Publicitario,2019-09-29,DON PEDRO DE MENDOZA AV.,962,Boca,Comuna 4,1156,C1156ACW
-58.433896,-34.596646,3 TRIMESTRE 2019,Corazón Loco,Patagonik Film Group S.A.,Largometraje Nacional,2019-09-29,"SCALABRINI ORTIZ, RAUL AV.",764,Villa Crespo,Comuna 15,1414,C1414DNU
-58.416477,-34.613030,3 TRIMESTRE 2019,Giro de Ases,Machaco Films S.R.L.,Largometraje con I.N.C.A.A.,2019-09-30,MAZA,177,Almagro,Comuna 5,1206,C1206ACC
-58.441253,-34.576206,3 TRIMESTRE 2019,Mercado Libre Barreras,Landia S.R.L.,Cine Publicitario,2019-09-30,"DUMONT, SANTOS",2724,Palermo,Comuna 14,1426,C1426DDB
-58.445477,-34.582029,3 TRIMESTRE 2019,RENAULT X52,Landia S.R.L.,Cine Publicitario,2019-09-30,"ARENAL, CONCEPCION",3350,Colegiales,Comuna 13,1426,C1426DGP
-58.362763,-34.610406,3 TRIMESTRE 2019,RENAULT X52,Landia S.R.L.,Cine Publicitario,2019-09-30,MANSO JUANA,1135,Puerto Madero,Comuna 1,1107,C1107CBW
-58.374805,-34.595361,3 TRIMESTRE 2019,Chumel en Buenos Aires,Griyo S.R.L.,Programa Televisivo,2019-09-30,FLORIDA,1051,Retiro,Comuna 1,1005,C1005AAU
-58.375433,-34.599963,3 TRIMESTRE 2019,Chumel en Buenos Aires,Griyo S.R.L.,Programa Televisivo,2019-09-30,FLORIDA,700,San Nicolas,Comuna 1,1005,C1005AAN
-58.423398,-34.638021,3 TRIMESTRE 2019,BIA,Pegsa Group S.A.,Programa Televisivo,2019-09-30,RONDEAU,4266,Boedo,Comuna 5,1262,C1262ACN
-58.462587,-34.575660,3 TRIMESTRE 2019,Corazón Loco,Patagonik Film Group S.A.,Largometraje Nacional,2019-09-30,FOREST AV.,1499,Colegiales,Comuna 13,1427,C1427CEL
-58.407093,-34.606029,3 TRIMESTRE 2019,Mercado Libre Barreras,Landia S.R.L.,Cine Publicitario,2019-09-30,BOULOGNE SUR MER,347,Balvanera,Comuna 3,1213,C1213AAC
-58.473619,-34.573365,3 TRIMESTRE 2019,RENAULT X52,Landia S.R.L.,Cine Publicitario,2019-09-30,ECHEVERRIA,4225,Villa Urquiza,Comuna 12,1430,C1430BTS
-58.474334,-34.572416,3 TRIMESTRE 2019,RENAULT X52,Landia S.R.L.,Cine Publicitario,2019-09-30,JURAMENTO,4215,Villa Urquiza,Comuna 12,1430,C1430BSS
-58.382365,-34.602059,3 TRIMESTRE 2019,RENAULT X52,Landia S.R.L.,Cine Publicitario,2019-09-30,CERRITO,540,San Nicolas,Comuna 1,1010,C1010AAL
